Country,Year,GDP,Inflation,Industry,Investment,Trade,Education
Australia,1970,4638.888936,3.43915343915344,,,26.1919622262625,
Australia,1971,4849.919426,6.13810741687979,,,25.5916058937342,
Australia,1972,5195.435143,6.02409638554218,,0.438359859724845,24.7931840661811,
Australia,1973,5779.516501,9.09090909090911,,0.389973264719481,25.1693569461475,
Australia,1974,6228.471482,15.4166666666667,,0.408149721263605,26.3621582160871,
Australia,1975,6919.657558,15.1624548736462,,0.702651807923102,29.0096825419132,
Australia,1976,7376.230734,13.3228840125392,,0.750895066919768,26.9000648773338,
Australia,1977,7706.213573,12.3098201936376,,0.575597976559735,28.66956720861,
Australia,1978,8529.813526,8.00492610837437,,0.405074390720461,28.2150992670536,
Australia,1979,9429.932785,9.12200684150512,,0.272373868973834,29.6651403610851,
Australia,1980,10448.465179,10.1358411703239,,0.275992382312682,32.3439266797596,
Australia,1981,11922.779261,9.48766603415561,,0.155775525495918,31.6487229036032,
Australia,1982,11957.271142,11.3518197573657,,0.26193811427335,30.3671689045293,
Australia,1983,12739.970249,10.0389105058366,,0.359489736039375,29.2148849897175,
Australia,1984,13563.243432,3.96039603960395,,0.313059453176991,28.5821406143089,
Australia,1985,14468.525866,6.73469387755101,,1.16907048894979,32.5616134619722,
Australia,1986,14952.078564,9.05035054174635,,1.2311712265601,33.0890716261912,
Australia,1987,16010.943344,8.53302162478083,,1.2551188267824,32.5847887718316,
Australia,1988,17079.293355,7.21593968766826,,0.895677222752239,32.6346371750816,
Australia,1989,17782.187552,7.53390256152692,,0.869030516738496,32.129913804362,
Australia,1990,17786.978311,7.33302195235869,28.8664388649532,0.962214628831773,32.2198286534938,
Australia,1991,18126.137999,3.17667536988686,27.7351411993196,0.948888379555352,32.25496700725,
Australia,1992,19094.496782,1.01223112610711,26.9482325593506,1.00343948471643,33.1097155382805,
Australia,1993,20118.480443,1.75365344467641,26.9029785948033,0.863109132447897,35.4659593998155,
Australia,1994,21349.565284,1.96963479688142,26.8595413947097,0.768206801786328,36.5258931638612,
Australia,1995,22353.994564,4.62776659959758,26.5102604904897,0.877737495627488,37.8015516603413,
Australia,1996,23220.090889,2.61538461538462,26.0544466536138,0.821078129412679,38.3323319414935,
Australia,1997,24403.021722,0.224887556221881,25.2925042905432,0.775269183185033,38.0748112251054,
Australia,1998,25630.468739,0.860134629768157,25.4361100294679,0.788475370559618,40.0704305582242,
Australia,1999,27098.221278,1.48312940304038,24.6972865848251,0.364110742556935,39.1346484106034,
Australia,2000,28252.629885,4.45743514797225,24.6384001427796,0.181348208222228,41.0290111758291,
Australia,2001,29493.214856,4.4071353620147,23.6843075683695,0.000180834134677,44.3652083634724,
Australia,2002,30740.962903,2.98157453936349,23.6317256941636,0.000322968552992,41.5572758742756,
Australia,2003,32248.255835,2.73259596616783,24.0631242508989,0.000311501198562,40.2961446264483,
Australia,2004,33865.906508,2.34325522482587,23.9493216915842,0.000403466045092,37.1207343685942,64.1210021972656
Australia,2005,35570.808015,2.69183168316831,24.6199197502957,0.000723895265571,39.2711826369216,65.0338516235352
Australia,2006,37842.933976,3.55528773727028,25.6067159760344,0.000825045412121,41.6042270907138,66.7138366699219
Australia,2007,39596.040082,2.32761128891476,25.6531194292619,0.000801127929225,42.0514396834877,68.1897811889648
Australia,2008,40094.833205,4.35029854990047,25.5935337501582,0.00082951602505,42.8703326982714,70.0889587402344
Australia,2009,41614.090724,1.77111716621252,26.9990358252423,0.00095909597705,45.7979042094362,70.8557434082031
Australia,2010,42787.065957,2.91834002677376,25.1514166418821,0.001127257608489,40.6496717288741,72.7989730834961
Australia,2011,44419.309749,3.30385015608744,26.4361276332007,0.000980219141027,41.9067330593482,74.0616683959961
Australia,2012,43879.180355,1.76278015613193,26.2841640112627,0.000922800105105,43.2103466719308,76.4830169677734
Australia,2013,47761.21406,2.44988864142539,25.1279854872757,0.000584778953686,41.2084303462784,72.0368423461914
Australia,2014,47644.762792,2.48792270531403,25.5148167378779,0.000831513953445,42.506490337998,71.2339401245117
Australia,2015,47317.250695,1.50836672165921,23.644205561858,0.000900775021067,41.4943730799132,75.5597610473633
Australia,2016,50237.794429,1.27699094497328,22.2848726511609,0.000841385090991,40.7776414241103,76.4180374145508
Australia,2017,50853.615427,1.94864740944522,23.4610646679956,,41.8187203488936,77.261360168457
Australia,2018,53061.634053,1.91140094445692,24.1589669797031,,43.2626476825205,78.3257598876953
Australia,2019,53067.877181,1.61076787290379,25.3824487371203,,45.7104594710859,
Austria,1970,3820.28559,4.37283499144671,,,54.8603907820123,
Austria,1971,4200.05549,4.70426464863565,,,54.380470810538,38.3216514587402
Austria,1972,4627.093401,6.35513498697942,,1.70219971620395,54.2960196144724,
Austria,1973,5090.842355,7.53108064952016,,1.56255674891908,54.4568197404044,
Austria,1974,5757.920938,9.52179379069359,,1.40325144799219,59.5677321118563,
Austria,1975,6285.003672,8.44525278272289,,1.58523663046218,56.5991343539106,
Austria,1976,6946.30262,7.31868899509658,33.9985945665537,1.42862326637834,59.9162824894445,
Austria,1977,7749.721586,5.49460953882342,33.6022058931724,1.40975291105895,60.2775963946407,
Austria,1978,8284.054924,3.57432532726001,33.8423827872164,1.33507046922337,59.6679872436748,
Austria,1979,9468.043277,3.7074033325208,32.9180389097137,1.43666022328974,63.3172195649945,
Austria,1980,10502.030255,6.3283208759637,32.9373057967936,1.49015886285404,66.8250056155535,
Austria,1981,11449.926929,6.80303861847746,32.5462613788216,1.49296835154195,68.3965493602774,50.7143898010254
Austria,1982,12392.952591,5.4360236335748,31.766130895421,1.443423059004,64.1171137058053,
Austria,1983,13282.688767,3.33917335680399,31.2968521757649,1.40487614350577,62.4721845225182,
Austria,1984,13769.813815,5.6631874926014,30.1146225743745,1.3813040913886,66.5750061022185,
Austria,1985,14553.388224,3.18951163361009,30.4474446523766,1.30745681851899,70.0831623102221,
Austria,1986,15178.503259,1.70544665790866,30.259284564499,1.31680733366969,64.0145976599605,
Austria,1987,15754.908297,1.40195293846737,29.7526220688057,1.01410503908376,62.8537226292472,
Austria,1988,16824.397022,1.91572092023249,29.5182647201743,0.976701797955828,66.5625495918394,
Austria,1989,18081.942271,2.56834384689467,29.2832194332994,0.999965846317224,70.538359093152,
Austria,1990,19425.410775,3.26187312306823,29.560863303277,0.899239086597353,71.4883694717106,
Austria,1991,20567.115304,3.33742884548212,29.5052574059251,0.866863798827493,70.0484055944094,
Austria,1992,21241.150171,4.02084559057212,29.0158979502276,0.794884092121195,67.6301676560879,
Austria,1993,21679.452882,3.63178559452543,28.303768907107,0.763180469114469,63.2650507794238,
Austria,1994,22587.176339,2.95340390976125,28.4134001556217,0.744989157168773,65.9870933970696,
Austria,1995,23639.8277,2.24336668054029,28.851531988081,1.49672652119445,68.25660110272,
Austria,1996,24500.221048,1.86097376901842,28.7520088650827,1.40391018165356,70.0836711206827,
Austria,1997,25417.862477,1.30598307237497,28.6763839380903,1.26418634304446,74.8676902155828,
Austria,1998,26673.951008,0.922465840847906,28.5106628527989,1.26590420888856,76.9271493915785,
Austria,1999,27606.484243,0.568990766899814,28.4285921580405,1.24207152120931,78.2601403439716,
Austria,2000,29388.784958,2.34486455542566,28.2848020340956,1.17672928274461,85.3604956179232,
Austria,2001,29715.636017,2.64999922285055,28.2087461435225,1.20794423926748,87.5366647639352,
Austria,2002,31178.051444,1.81035953871319,27.3880784820285,1.18495044572255,86.9481679996606,
Austria,2003,32123.696189,1.35555673319826,27.498379858473,1.12544738807653,86.3873824162825,
Austria,2004,33756.259412,2.06120354001778,27.3737678166123,1.15664539947594,90.7923456929297,
Austria,2005,35024.557484,2.29913882222146,27.0742425967636,1.66717288196325,94.0338056833054,74.2021636962891
Austria,2006,37614.942761,1.44154696188379,27.2593708304078,1.52271758609044,98.0883112053436,
Austria,2007,39384.189618,2.16855599824037,27.5726388212438,1.86239446672571,100.733254061926,73.5906066894531
Austria,2008,41316.022642,3.21595022953491,26.9602141407645,2.01030147169182,102.073682731706,72.4694595336914
Austria,2009,40957.262321,0.506308350120954,25.7928458296062,1.9482091660851,87.0622309742796,75.810188293457
Austria,2010,42053.24337,1.81353628033681,25.5349942466396,1.91697006089694,99.0197962369563,76.5560989379883
Austria,2011,44469.209642,3.28658197365512,25.4474320432043,1.82532630167105,105.102788629725,76.4276962280273
Austria,2012,46477.655075,2.48567352860068,25.6339685320435,1.69686753969145,105.152177427838,76.9751129150391
Austria,2013,47936.677963,2.00015891157196,25.5249417894219,1.77632566063063,104.066414086373,77.3063583374023
Austria,2014,48813.534409,1.60580414549751,25.3646396008814,1.62462970071957,103.503535251069,78.1098403930664
Austria,2015,49942.056293,0.896565315628228,25.174913250307,1.67711183482764,102.42731538918,79.0129013061523
Austria,2016,52665.087457,0.891592367302732,25.476804975952,1.74416144831232,100.982078278741,79.2102432250977
Austria,2017,54185.337013,2.08126858275521,25.4094844426534,,104.944224211506,79.6625823974609
Austria,2018,57068.534815,1.99838187702266,25.4892122311316,,108.110820195531,
Austria,2019,58664.718719,1.53089553422702,25.5242529163282,,107.779781982421,
Belgium,1970,3866.883084,3.90847238471907,,,87.7273019754199,14.0161895751953
Belgium,1971,4200.130431,4.34362854612099,,,85.5840807687108,
Belgium,1972,4594.877656,5.44843128438077,,,85.2144387292793,
Belgium,1973,5128.083526,6.95528008719915,,,94.1440940214668,
Belgium,1974,5806.396192,12.6778877513452,,,105.271077601296,
Belgium,1975,6242.77716,12.7681985920515,,,91.5237486786852,
Belgium,1976,6947.302385,9.06860981054963,,,96.8157584257173,
Belgium,1977,7416.849841,7.09600059132598,,,95.6775227443742,
Belgium,1978,8157.500735,4.47059331592941,,,92.3126039376739,
Belgium,1979,9034.677943,4.46908394900489,,,101.572970541061,
Belgium,1980,10281.597624,6.64868829655357,,,103.055447784319,
Belgium,1981,11215.056583,7.62748656814273,,,110.221352145195,
Belgium,1982,11969.08117,8.72654906555468,,,117.925349546572,
Belgium,1983,12470.346941,7.66160983743879,,,120.395562511556,
Belgium,1984,13237.561006,6.34177491009128,,,128.230735025444,
Belgium,1985,13878.947211,4.86873399496945,,,123.876986090012,
Belgium,1986,14413.605184,1.29436819102482,,,112.327024533852,
Belgium,1987,15093.832834,1.55338261314945,,,109.919099925859,
Belgium,1988,16308.141189,1.16093493415326,,,116.422946593266,
Belgium,1989,17471.903441,3.10705065111097,,,124.936932679633,
Belgium,1990,18642.105758,3.44831217961809,,,121.467851074465,
Belgium,1991,19551.282607,3.21531069260804,,,118.59013771799,
Belgium,1992,20220.06853,2.42795567164621,,,115.069287501636,
Belgium,1993,20420.770855,2.75442643473457,,,109.012736996759,
Belgium,1994,21466.026512,2.37754084476403,,,113.232300033612,
Belgium,1995,22392.294737,1.46796699090272,26.0458142488138,0.381587455122379,116.378567821327,
Belgium,1996,22688.861255,2.07702107350668,25.8108864229345,0.405577377266294,119.212775757383,
Belgium,1997,23725.275713,1.62816049512961,26.109865395814,0.395311945703175,125.68894005618,
Belgium,1998,24369.382473,0.949250288350641,25.5706853726919,0.363720307208463,124.709122626318,
Belgium,1999,25440.896241,1.12084823417844,24.7258443400042,0.375431889053418,125.169990540949,
Belgium,2000,27796.790981,2.54451776190906,24.9438325836543,0.350812321258899,142.230135067034,
Belgium,2001,28800.447386,2.46925823086078,24.3121509872514,0.289670414311542,139.576839834619,
Belgium,2002,30282.254116,1.64521436175359,23.7873363393069,0.261622896340024,136.085149488081,
Belgium,2003,30901.084904,1.58896399970379,23.2266548885812,0.260099388265015,132.715552833888,
Belgium,2004,32036.62809,2.09728311239314,22.9599989488568,0.241931381239183,136.918405348432,
Belgium,2005,33177.947339,2.78143263670025,22.5737781481988,0.220586148260727,144.529050669983,
Belgium,2006,35211.893732,1.79120770070454,22.139925542401,-0.066645855854886,149.567509299511,57.7329292297363
Belgium,2007,36746.540518,1.8230563002681,22.2819524770029,0.280630663796433,152.468446875303,
Belgium,2008,37883.233422,4.48944420508401,21.59544849636,0.39358270283056,161.088447790447,60.4241600036621
Belgium,2009,37777.285279,-0.053145674125376,20.600029785888,0.417262192010455,135.406040531897,61.6929016113281
Belgium,2010,39870.456331,2.18929920422458,20.8945803561766,0.348240252178154,149.997673074386,61.7283782958984
Belgium,2011,40942.230717,3.53208210722744,20.7778964049581,0.40508788252611,161.493723664633,62.7599296569824
Belgium,2012,42290.858433,2.83966343445897,20.075240558224,0.416857966096691,160.746030229324,63.2111015319824
Belgium,2013,43671.146878,1.11309594027537,19.8791997556506,0.349623294644675,157.850845041743,64.278678894043
Belgium,2014,44929.532494,0.340002833356965,19.6748264840511,0.24280198201851,158.783215919076,64.0188674926758
Belgium,2015,46200.86629,0.561429152790106,19.6698883181098,0.216677937727111,154.192546509323,66.210578918457
Belgium,2016,48597.487117,1.97385264653172,19.2882202670028,0.234534870175754,157.66502598438,67.0826416015625
Belgium,2017,50435.373554,2.12597086002609,19.2379353205042,,165.34775639333,69.1504516601563
Belgium,2018,52667.946449,2.05316499865181,18.9006371147697,,166.237087316477,
Belgium,2019,54693.240937,1.43681956996435,19.1160162056836,,163.057248868288,
Canada,1970,4589.396803,3.34603981363828,,,41.6320830533707,
Canada,1971,4949.149039,2.70491803278688,,,40.824051698947,
Canada,1972,5384.686758,4.9880287310455,,,41.9900953973088,
Canada,1973,5994.278172,7.48764728240213,,,44.4375101834057,
Canada,1974,6654.461387,10.997171145686,,,48.2465208087527,
Canada,1975,7270.201971,10.672188595094,,,46.0101634973425,
Canada,1976,8015.058731,7.54173862982152,,,44.4144944931648,
Canada,1977,8703.305805,7.97644539614562,,,45.9125599858509,
Canada,1978,9562.948312,8.97372335151215,,,49.0090976821495,
Canada,1979,10634.912525,9.1446769790719,,,52.4140613846798,
Canada,1980,11693.736348,10.1292205085452,,,53.4976285041651,
Canada,1981,13082.55547,12.4716124148373,,,52.2781317331343,
Canada,1982,13289.053965,10.7689718997139,,,46.7855822407459,
Canada,1983,14029.422524,5.86358802977366,,,46.8897355435308,
Canada,1984,15249.747259,4.30477830391736,,,52.6754344987322,
Canada,1985,16327.421173,3.96203054065208,,,53.0490387993776,
Canada,1986,16845.226809,4.19478629085617,,,53.2857279054247,44.1334495544434
Canada,1987,17729.534629,4.3561087122174,,,51.0807342208607,
Canada,1988,18917.519409,4.02823414871611,,,51.570865517512,
Canada,1989,19756.971295,4.98362189985959,,,50.2576880420193,
Canada,1990,20223.087583,4.78047693336305,,0.868257726945427,50.1751089831558,
Canada,1991,20218.015789,5.62586408593004,,0.866353093944538,49.4008606327038,49.3545188903809
Canada,1992,20619.411325,1.49013290374545,,0.906679850674354,52.9160539035975,
Canada,1993,21432.765161,1.86507936507936,,0.902756886845159,58.440817181658,
Canada,1994,22625.128167,0.165562913907281,,0.831404914712599,64.5925875261397,
Canada,1995,23477.634292,2.14876033057852,,0.734523319818619,69.2823529837522,
Canada,1996,24041.989428,1.57053112507137,,0.512821709569055,70.4905235915489,
Canada,1997,25251.116848,1.62121638084528,28.0115056975329,0.581369620533245,74.5829184644319,
Canada,1998,26310.956955,0.995942456658074,27.1464160163022,0.538891170869363,78.3514261785244,
Canada,1999,27841.629576,1.73484295105918,28.2407029462656,0.550744779771777,80.390917290718,
Canada,2000,29363.147122,2.71943995691972,29.8830805627445,0.535657752341972,83.0416470500724,
Canada,2001,30214.300999,2.52512013979907,28.8453798975015,0.447871776099184,78.6210494473939,67.7451324462891
Canada,2002,30963.222007,2.25839440940856,27.9693505917011,0.503172889700467,75.9765841748973,
Canada,2003,32333.608155,2.75856321360112,28.304901876884,0.477798830216657,70.0872658693755,
Canada,2004,33911.218288,1.85725871857261,28.8023624170754,0.477020746270787,70.432075626193,
Canada,2005,36327.662059,2.21355203439764,29.6254555308717,0.486087783727633,69.9828796608112,
Canada,2006,38107.136242,2.00202539534156,29.2533810657637,0.474465003850002,68.2513217000054,79.4033889770508
Canada,2007,39555.523703,2.13838399266843,29.0753540442775,0.458649712875239,66.4573075094755,
Canada,2008,40376.330167,2.37027067444294,29.7200172058832,0.278294875199873,67.1905466860828,
Canada,2009,38893.727456,0.299466803009284,25.4456364662985,0.575360557368577,58.6224650926874,
Canada,2010,40114.222041,1.77687154092629,26.7131170768128,0.574744108617191,60.3499363166922,
Canada,2011,41666.718851,2.91213508872355,27.5212692988731,0.520248914923935,62.6449640153634,82.7489929199219
Canada,2012,42290.879082,1.51567823124521,26.6346687974256,0.543507707126458,62.5955489395005,
Canada,2013,44298.514462,0.93829189781521,26.6132351758366,0.467762106853519,62.2310749013405,
Canada,2014,45753.782936,1.90663590717873,27.1379424601872,0.121961183960876,64.3786621564923,
Canada,2015,44670.054374,1.12524136094279,24.4156825468916,0.332237764275472,66.1649020669781,
Canada,2016,46472.368771,1.4287595470108,23.2953005455848,0.491673055931451,65.3636845215556,84.4691925048828
Canada,2017,48319.723156,1.5968841285297,,0.475408281790681,65.0337418914608,
Canada,2018,50250.038237,2.268225672481,,,66.1132735213071,
Canada,2019,50666.142826,1.94926902411596,,,64.9767044956374,
Denmark,1970,4238.136704,6.51484141652983,26.3748793082613,,57.1347350987927,
Denmark,1971,4563.681387,5.86986959071901,26.2229631314239,,55.6743764687744,
Denmark,1972,4919.290322,6.56236090256546,25.9148762339966,1.13534461066035,53.2210996356999,
Denmark,1973,5368.973446,9.30338297973668,25.2530828580626,0.983836221747024,57.839919744784,
Denmark,1974,5760.046708,15.2752062218394,25.114117733145,0.990372470104452,64.6611923532198,
Denmark,1975,6183.518112,9.60561207538674,24.8913020311257,1.0538579773435,59.7002078043683,
Denmark,1976,6892.623369,9.01029083562227,23.8216070903251,0.679503959882621,61.0074115660481,
Denmark,1977,7434.361058,10.9222378100329,23.4991219674415,0.814748204610316,60.2825588263846,
Denmark,1978,8108.94047,10.2136545710405,22.777092266852,0.631463670543185,57.0526837530442,
Denmark,1979,9098.311309,9.61105037907119,22.0448426946015,0.600761542511339,60.8478808051498,
Denmark,1980,9860.692028,12.3053240760182,23.2803067448405,-0.129718627649063,65.4559479170131,
Denmark,1981,10726.015296,11.7673874344182,22.1566207500778,0.696945658339361,70.7446514979046,
Denmark,1982,11817.545826,10.1208256779823,22.2166298269635,0.994866767583531,70.8386911799004,
Denmark,1983,12609.075183,6.90822881158847,22.3037057824521,0.932389528659387,69.6330553873116,
Denmark,1984,13616.225761,6.29077936023767,22.6283263854766,0.619640331672673,70.9085936314997,
Denmark,1985,14603.517426,4.6787514518325,22.8147850801024,0.719024358709306,72.0872826651166,
Denmark,1986,15606.856138,3.67818411863458,22.6564423818343,0.335931518061564,64.7972977152301,
Denmark,1987,16011.507894,4.01999345683155,22.8258664536162,0.489025333548547,61.3528559301278,
Denmark,1988,16564.356619,4.53513301015726,22.5680296992512,0.507685354132589,63.7552791161449,
Denmark,1989,17318.044872,4.77272342435524,22.7251495781062,0.496632793154245,67.0448704479388,
Denmark,1990,18202.988752,2.64160306382,22.6328409880059,0.613050803398519,67.2901956323191,
Denmark,1991,19029.001048,2.39515331724414,22.4001136680904,0.724832380743385,69.1465270632839,57.836181640625
Denmark,1992,19778.303328,2.09604442933213,22.4955691959238,0.987200432853154,67.0019697487162,
Denmark,1993,20178.829135,1.25785667953261,21.6276747612869,0.817046501489705,65.6049285959626,
Denmark,1994,21637.840264,1.99201463809523,21.6233543870144,0.830475415804941,67.7804557486188,58.1618881225586
Denmark,1995,22655.944619,2.0836084238285,22.0925615522638,1.81160791811225,68.514602773058,60.042179107666
Denmark,1996,23687.827456,2.12629802275579,22.2881733088592,1.8506950023782,68.4712660120606,
Denmark,1997,24919.675703,2.18216677907117,22.4527308387057,1.71324461019187,71.1684624019632,
Denmark,1998,25818.946768,1.84565122007891,22.3260184488377,1.56662689036406,71.2991187214461,
Denmark,1999,26657.827372,2.49779544404528,22.6383309082148,1.60907500323875,72.6971979470271,
Denmark,2000,28679.270722,2.90328203236457,23.6527096233541,1.54313229919815,82.9839510533025,
Denmark,2001,29459.845737,2.33787000255261,22.8907148022161,1.29060602471108,83.9685758745007,
Denmark,2002,30639.953691,2.42443661219694,22.655736229629,1.40022730538589,84.5569748062335,
Denmark,2003,30791.903459,2.07507820646504,22.1629937831131,1.35333100530333,80.881707399814,84.2631683349609
Denmark,2004,32920.676921,1.15435693124937,22.1296309034227,1.42104838380039,82.2077652710513,82.2784805297852
Denmark,2005,34152.881663,1.81781458291257,22.2395319368162,1.25745265162388,89.3997408561776,
Denmark,2006,37286.319861,1.92422138464588,22.8195938061561,1.36512769572989,97.3667362031348,
Denmark,2007,38969.119721,1.69326586220319,22.1666735325257,1.73914264078384,100.067851177026,76.2814102172852
Denmark,2008,41282.995471,3.41626794258375,22.5939345580366,1.62217530280905,104.828229903848,78.7898864746094
Denmark,2009,40361.790678,1.30470991024336,19.9501979076929,1.62187507241162,89.7550392904332,74.9776077270508
Denmark,2010,43041.192361,2.31092436974789,19.7049241450312,1.78488834561459,94.0999768880069,74.9399795532227
Denmark,2011,44407.94207,2.75868226051246,20.2546986056117,1.71128885243164,101.245795489044,75.4767608642578
Denmark,2012,44808.549212,2.39791485664639,20.3979173208941,2.04084189970573,103.240970340292,76.0023803710938
Denmark,2013,46742.939663,0.789071780078061,20.0618073480166,2.01080280877717,103.050141083868,76.549072265625
Denmark,2014,47905.477079,0.564020540449518,19.7849958878059,2.19951393235577,102.263916342342,76.8349990844727
Denmark,2015,49058.142344,0.452034153691623,19.9874545918162,2.01801627712365,104.048228406694,77.749137878418
Denmark,2016,51967.020438,0.249999999999997,20.6686168257458,2.16912523680084,100.168828784783,78.184440612793
Denmark,2017,55356.49009,1.14713216957606,20.7432378422377,,102.979389908635,
Denmark,2018,57459.169626,0.813609467455633,21.0622089719338,,106.709145333848,79.2777328491211
Denmark,2019,60308.072261,0.758131572511619,21.1196289349155,,109.29243155125,
Finland,1970,3375.056699,2.7404204305122,,,49.421372437819,
Finland,1971,3625.001183,6.47576543061844,,,47.4424472948652,
Finland,1972,4049.648616,6.66249783515333,,2.35386916090895,47.7903301511063,
Finland,1973,4544.41878,10.7544718831369,,1.98897609921108,48.5077293540302,
Finland,1974,5086.4214,16.9363999989274,,1.78622158513069,55.214913286566,
Finland,1975,5633.367353,17.8113972340213,35.4864666905625,1.94523684776226,50.3325744876036,
Finland,1976,5945.814799,14.3426930852258,34.0555164044406,1.65270911130878,49.2680829638187,
Finland,1977,6312.742249,11.7933469184053,33.49745983031,1.70685881744581,52.3899812595919,
Finland,1978,6934.147895,7.79935074552146,33.6299100133502,1.4053960035762,52.6259379160503,
Finland,1979,8023.666129,7.4669615131074,34.3121602183981,1.53007351190932,58.1135300402631,
Finland,1980,9191.354685,11.5946192492108,34.043438214933,1.50563099036911,62.946786701132,
Finland,1981,10149.914102,11.3057566509549,33.5828933196732,1.49600525126402,61.5966585231303,
Finland,1982,11050.030676,9.58492764677443,32.7430320304652,1.47704229976595,57.5754035932061,
Finland,1983,11770.235365,8.3662926064564,32.5975875356006,1.74379800617972,57.4195845200201,
Finland,1984,12522.652961,7.06765638328174,32.0445192667415,1.36475724839139,56.5993265993266,
Finland,1985,13321.477929,5.19562195429434,30.9245428792171,1.29624105397154,55.3077517383466,
Finland,1986,13918.813689,2.93357920442334,30.1245753114383,1.32902076418472,49.9832517186927,
Finland,1987,14731.197355,4.11302886205054,30.4772874948314,1.26198070522615,49.4787051804596,
Finland,1988,15999.77628,5.08592861394881,30.0874574768974,1.31879431929467,48.1576580686365,
Finland,1989,17409.860808,6.59290980189127,30.3966655412092,1.22130153024233,47.8746318007707,
Finland,1990,18102.410883,6.14956531179854,29.2230565419585,1.17488767987383,45.8415329983839,
Finland,1991,17517.083718,4.31021289843461,26.5135387058539,1.21023153795076,43.4884175882346,
Finland,1992,17228.753019,2.91932319285018,26.2579321082305,1.15376020888885,50.2417966077705,
Finland,1993,17435.816507,2.19065319556431,26.9589769916461,0.944276266081102,58.1649320950203,
Finland,1994,18434.199087,1.08855677589407,28.2217985873123,0.904425482520109,62.428236123814,
Finland,1995,19539.496806,0.791239406938448,29.4909131498036,2.39882160007551,64.0737095252108,
Finland,1996,20038.365756,0.629194238121014,28.8402574375753,2.42881728880949,65.7220105208507,
Finland,1997,21787.050734,1.1925588342584,29.0270470277149,2.51543366189852,68.2213217576507,
Finland,1998,23575.985475,1.3994737857984,30.5294088351013,2.3228067206179,66.9671464382356,
Finland,1999,24767.163974,1.16223155669443,30.4358788490025,2.16320413972152,66.2398751930411,
Finland,2000,26796.410421,3.04210080667796,31.5899796250421,1.89324714234132,74.8948271060231,
Finland,2001,27807.753126,2.57844080098894,30.9462897917416,1.60126322188958,70.2768481898388,
Finland,2002,28605.122922,1.57122012789382,30.1099093517234,1.76587659229706,69.2994625755964,
Finland,2003,29021.635677,0.877440386254743,29.5290249029648,1.82373709934031,68.0558026741527,64.3962936401367
Finland,2004,31175.727708,0.187120559084453,29.3730079744013,2.00499414932858,70.960203580292,
Finland,2005,32051.762889,0.623874450025199,29.2518535160638,1.80901209336883,76.579207830612,66.1979904174805
Finland,2006,34408.817577,1.56666380704384,30.2411262196568,1.52017135053159,81.9834930623435,67.1308517456055
Finland,2007,37792.556693,2.51066565240339,30.6700094081423,1.65007554342356,82.8574024974341,67.9684066772461
Finland,2008,40083.701943,4.06595355358378,29.5632254909531,1.63510804311117,86.184335829923,68.7850875854492
Finland,2009,38000.018769,-9.17360403259616e-07,25.6603960450516,1.81589292482624,70.1233032732315,69.6325378417969
Finland,2010,38985.871994,1.1841352315465,26.1582944887665,1.59909788810128,75.4644073922495,70.4480590820313
Finland,2011,40916.647325,3.41680754255211,25.0310609198073,1.60359690756118,78.5795816119355,71.2015533447266
Finland,2012,40872.854802,2.80833622561575,23.3787810204092,1.75682703506564,79.170500952561,71.953727722168
Finland,2013,41492.918416,1.47828615688804,23.3216360530733,1.76589208927956,77.0938865804298,72.8120803833008
Finland,2014,41749.864733,1.04119621178439,23.0974832887862,1.71305234291129,74.1127227557674,73.5687713623047
Finland,2015,42490.211049,-0.207928839905218,23.305816401353,1.46391533502249,71.3825484305887,74.0170669555664
Finland,2016,44934.488245,0.356684500891696,23.4973657352495,1.52910040102564,70.8985003539937,
Finland,2017,47570.270354,0.754015047084413,24.353237464204,,75.1753838527351,75.5235595703125
Finland,2018,49726.705233,1.08382098409299,24.0315153382635,,78.1078814023555,
Finland,2019,51620.966049,1.02409392963429,24.1860523121435,,80.0412377990988,
France,1970,3684.679376,5.29964124562672,29.0450126493659,,31.4189565466435,
France,1971,4038.808157,5.3975186559511,29.5031100205433,,32.0089591417485,
France,1972,4364.526657,6.06300309718189,28.8835494322212,1.11058349671633,32.470428853515,
France,1973,4856.677587,7.38060106398913,29.1879996657288,0.730416751576217,34.4059723112064,
France,1974,5485.49708,13.6493174728138,28.7528598107629,0.808238209142444,42.3557676233599,
France,1975,5908.549939,11.6859272493228,28.6489511438213,1.02763289782548,36.691736336041,
France,1976,6479.238738,9.62549578155529,28.1689727524834,0.732573080352325,39.5998708787581,
France,1977,7088.023637,9.49455467190429,28.1121356422767,0.566453437016261,40.6359698442343,
France,1978,7853.91076,9.25055846724437,28.0122771538804,0.664694594899428,39.4383488949127,
France,1979,8769.10167,10.6467341716663,27.6288892795259,0.658477460757756,41.0336254739961,
France,1980,9662.157878,13.5625788483016,27.769882905018,0.965102130063957,43.5026672864511,
France,1981,10629.155007,13.3144055680071,27.0676588527114,0.792160349185051,45.4109434591213,
France,1982,11499.156212,11.9784719523805,26.4465715226736,0.84811113552295,45.2523852836828,
France,1983,12032.712346,9.45954847235314,26.2427134318813,0.878821320191309,45.1398283198465,
France,1984,12594.028357,7.6738026224732,25.7783969562819,0.784852725830833,47.5418299082076,
France,1985,13137.434985,5.83109973854516,25.6386195391513,0.853099138415128,47.0163879903232,
France,1986,13645.414288,2.53852591781416,25.4599826171501,0.898304537144266,40.8879984679522,
France,1987,14263.384717,3.28889821400136,25.050614322948,0.722241562744669,40.2927394586107,
France,1988,15378.023256,2.70081527508111,24.9812205811622,0.728289809600313,41.3922169441697,
France,1989,16576.07541,3.49830220700748,24.3867093361789,0.831717167496736,44.0017811278671,
France,1990,17602.775122,3.19428338029481,24.4564546778214,1.13300777086992,42.7360551888574,
France,1991,18297.09381,3.21340732409685,24.2996963465405,1.01241212138007,42.983681489047,
France,1992,18919.335638,2.36376046269354,24.0066384729037,0.989383382882493,41.991612606025,
France,1993,19162.45698,2.10446277124641,23.061957641892,0.794200650337305,39.9051237217838,
France,1994,19958.910936,1.65551532926996,22.2443716113765,0.78042022034175,41.8262397371907,
France,1995,20731.559765,1.79648142095595,22.3097778576723,2.07449397630909,43.6461285770923,
France,1996,21310.201946,1.98288365089736,21.6751872206065,2.08062823713173,44.3292399538117,
France,1997,22239.640072,1.20394294026966,21.5273013056389,1.75134613316914,48.0334968830664,
France,1998,23362.488152,0.65112686783302,21.4448448697237,1.89104783208176,49.5067667927119,
France,1999,24311.403864,0.537141639134613,21.2017281953806,1.78658228878108,49.7609206002288,
France,2000,26106.052895,1.6759598872093,21.293939814079,1.7031148023279,55.8612457180345,
France,2001,27506.156751,1.63478079549599,20.9383695228189,1.74158106878169,54.9593680925757,
France,2002,28528.156107,1.9234122872706,20.649452806316,1.82185865102602,53.0720247583335,
France,2003,28148.115653,2.09847219146922,20.1918111986146,1.81986991818067,50.7978335232353,
France,2004,29040.965294,2.14208964640242,19.9575239477964,1.76729250084653,51.9250078784333,55.6975784301758
France,2005,30504.058784,1.74586936380481,19.6096052732169,1.72670670279545,53.9807067764121,56.5906105041504
France,2006,32431.435631,1.67512449608728,19.2840844714528,1.59921997715555,56.1034244496256,
France,2007,34086.956799,1.48799805953858,19.136739193143,1.54572052581695,56.420756583014,59.4229507446289
France,2008,35102.870428,2.81286194914787,18.8138306949478,1.56732149489555,57.3970828857949,60.3495597839355
France,2009,34711.655714,0.087620478157453,18.304842642771,1.84505236978303,50.462450850073,61.2569885253906
France,2010,35939.455835,1.53112270420924,17.8457356302771,1.9210750923801,54.8677910818934,61.8969383239746
France,2011,37447.949543,2.11159795174997,17.978166208294,1.69668315059156,58.7905764224005,62.7715682983398
France,2012,37684.198067,1.95419531613507,17.8685506155676,1.6824939056034,59.7020591687875,63.7497215270996
France,2013,39528.473644,0.863715497861826,17.9718012893511,1.63235308704136,59.764055074913,66.3351593017578
France,2014,40144.059485,0.507758822937957,17.7459396724758,1.57403251053022,60.4787965196196,68.5302200317383
France,2015,40829.893311,0.037514380512536,17.6796917075443,1.51544373444346,61.7516939345861,69.4374313354492
France,2016,42855.944562,0.183334861123848,17.4341320487761,1.54722489166919,61.1001423821095,69.6656265258789
France,2017,44480.722199,1.03228275064674,17.241152651745,,62.9618472934066,70.0754928588867
France,2018,46456.107107,1.85081508315494,17.0747329061413,,64.4791960984239,
France,2019,49225.564402,1.10825492288292,17.1352034127768,,64.5227290341624,
Greece,1970,3091.490963,2.84168199085819,,,23.1099326477029,
Greece,1971,3487.851612,3.28947824027457,,,23.319216805262,
Greece,1972,3982.158372,4.33121599894871,,4.6333515572405,25.31769773037,
Greece,1973,4519.942845,15.3846351579399,,4.73293349102182,31.7303355049464,
Greece,1974,4592.499379,26.5608343757553,,3.79644785113447,35.4768783212269,
Greece,1975,5287.829529,13.6287680334061,,4.50544949271881,35.3229630981807,
Greece,1976,5882.406538,13.0242944655707,,4.56956761049984,34.8786854889711,
Greece,1977,6334.247474,12.3697733256125,,4.5033811175871,34.6615947063545,
Greece,1978,7176.969517,12.5724371195183,,4.22587845242324,33.1365949700021,
Greece,1979,7928.333122,19.0941778521309,,3.87119249208084,35.5322195542858,
Greece,1980,8617.333021,24.6758912294628,,3.6040907979767,44.5858161409325,
Greece,1981,9204.0627,24.506066837496,,4.09542719602871,47.1403301540426,21.2000007629395
Greece,1982,9601.773052,20.9910848206363,,3.21209796374798,41.8515298185187,
Greece,1983,9813.07935,20.1794832542286,,3.66274321152943,41.1755453410125,
Greece,1984,10320.218344,18.4568521357715,,3.83053428983966,40.8984903013052,
Greece,1985,10871.977037,19.3146518149134,,3.53600531141642,40.3879754972077,
Greece,1986,11111.505892,23.0154465525989,,2.87758986170969,42.6520451400143,
Greece,1987,11091.188563,16.396891597716,,2.74962450542988,42.3183574435397,
Greece,1988,11931.848664,13.5288355280607,,2.56581991384171,39.613233390776,
Greece,1989,12803.215389,13.6555678720092,,3.03223865281809,40.7838568496537,
Greece,1990,13189.576297,20.4334996445056,,2.51150443901366,40.128306906424,
Greece,1991,13940.312823,19.455842558084,,,38.592785722687,30.7000007629395
Greece,1992,14253.475422,15.8770653792258,,,38.8225931547213,
Greece,1993,14278.985409,14.4112708940242,,,37.0258993247001,
Greece,1994,14808.391538,10.8740789798805,,,36.1631225392895,
Greece,1995,15395.287082,8.93451121652379,19.6146772786065,3.32138447984621,37.1078806632466,
Greece,1996,16110.16333,8.19454890204171,18.8653933533141,3.36094024336565,37.4962332575218,
Greece,1997,17149.86169,5.53600678399903,17.9341070000541,3.54103620291079,39.2742288014129,
Greece,1998,18032.977372,4.76622186371247,18.2005645517973,4.63426603931451,42.2682807505266,
Greece,1999,18464.726453,2.63663786280352,19.1269514125286,5.51840211830103,47.3775982084231,
Greece,2000,19524.703035,3.15118062995734,18.7476026086337,4.67619637493044,58.4156773402129,
Greece,2001,20963.822069,3.37396699038281,19.3327721980439,4.79914305071931,56.1399686891397,
Greece,2002,22615.957435,3.62935894557549,19.4387223101441,4.93207042639297,50.3489962887975,
Greece,2003,23871.921816,3.53065188498046,20.5175170632411,5.82264645927563,48.1900537963457,
Greece,2004,25439.31884,2.89884895882032,20.3440194952788,5.25976649176579,49.8984414406951,
Greece,2005,25577.445437,3.54507354036397,17.8044902430163,3.92537103263487,50.9008643706162,48.9836807250977
Greece,2006,28510.877946,3.19594393017397,19.9872430001055,3.82215187214663,52.8502388268866,44.4163703918457
Greece,2007,29284.612817,2.89500147489579,17.9983580452168,4.07014184467965,57.5243740192966,52.171630859375
Greece,2008,30855.935774,4.15279744732985,15.6597780597816,4.63861395487647,59.3297155312655,52.6665382385254
Greece,2009,30381.482016,1.21008451783419,15.3134706116254,4.10088348505936,47.7438466003341,
Greece,2010,27934.317127,4.71297286203605,13.8278427249108,2.79651353114596,52.8290981564171,53.662281036377
Greece,2011,25671.291223,3.3298640617472,13.6822696833956,2.01034759040255,57.8446199835651,
Greece,2012,24912.130664,1.50152796054581,14.3259137778711,1.95393495827502,61.8177662979566,
Greece,2013,25947.870627,-0.922168807001954,14.664140581981,4.07740141174405,63.5191430508957,
Greece,2014,26642.231958,-1.31121050132494,14.1476061441914,3.31138284663049,67.1494538969393,56.2749290466309
Greece,2015,26720.908773,-1.7360367959808,14.1876634577385,3.81928398343038,63.0551605702583,57.9250907897949
Greece,2016,27471.218206,-0.825651781826954,14.8569879392387,2.92654545978712,60.8405275403878,54.6379585266113
Greece,2017,28644.977147,1.1212354772079,15.03822920287,,67.0005550789866,
Greece,2018,29680.902369,0.625629147213626,15.2694040564104,,72.5197001864622,
Greece,2019,30869.249859,0.252978044454509,15.2828073078868,,74.3844668935414,
Ireland,1970,2453.058813,8.20719016091025,,,74.3370352461839,
Ireland,1971,2641.766856,8.96174863417671,,,72.1174730697332,
Ireland,1972,2890.177732,8.60581745301067,,0.908098225558651,67.5482726871601,
Ireland,1973,3141.58606,11.4148503873296,,1.04663047635976,75.1456414716022,
Ireland,1974,3511.886382,16.9761273212048,,1.15325328665195,90.5682242407348,
Ireland,1975,3986.600517,20.8758503401952,,1.09495827578075,82.9473645583439,
Ireland,1976,4197.285413,17.9856958613385,,0.778395251207179,91.1293081484157,
Ireland,1977,4759.271788,13.4722252633927,,0.882895000683911,97.8826399163059,
Ireland,1978,5390.926381,7.71114118004808,,1.13748645112406,99.5929267089937,
Ireland,1979,5921.11742,13.2954539852612,,1.20513757159816,105.173203516747,
Ireland,1980,6590.203282,18.1544433038192,,1.31182072090217,102.180741415959,
Ireland,1981,7362.729366,20.3735228947773,,1.22103353927815,100.853809520514,
Ireland,1982,7911.111663,17.1471142032124,,1.30047943177071,93.8572568349433,
Ireland,1983,8142.393796,10.4476295240831,,0.920529741334625,97.6195739776896,
Ireland,1984,8743.619021,8.65111383765405,,0.759221594119685,108.175916892889,
Ireland,1985,9266.946366,5.39549731466383,,0.864054878085867,107.63247135551,
Ireland,1986,9410.422868,3.82703931524415,,0.762942289021639,97.0093098823121,
Ireland,1987,10089.912658,3.15940764053431,,0.682645493794568,100.623712818396,
Ireland,1988,11028.182064,2.13457156859609,,0.471296608636319,105.092576113495,
Ireland,1989,12199.383452,4.08904273020372,,0.317472616321254,112.330809242564,
Ireland,1990,13743.237045,3.31732129894252,,0.452314014185298,104.903815618357,
Ireland,1991,14400.017627,3.21081702751349,,0.432670064479587,106.312912754242,41.6716918945313
Ireland,1992,15096.42208,3.06999743466961,,0.40418179403524,109.414438501266,
Ireland,1993,15785.848332,1.46942088431732,,0.427675013577529,116.463229468827,
Ireland,1994,16993.886003,2.30919875061488,,0.4944588841396,126.337624101753,
Ireland,1995,18940.998859,2.52486728005296,28.8698323822317,0.604403312332981,135.940347932092,
Ireland,1996,20493.866107,1.75373213896016,28.220663330968,0.648683731484292,138.703738170568,
Ireland,1997,22679.58192,1.52560521714534,29.6686310388604,0.573966111451739,142.321899118497,
Ireland,1998,25059.964276,2.41551787239232,31.2859610403912,0.749257720080901,157.977960755652,
Ireland,1999,27006.156927,1.63192376414532,31.3830219163306,0.862851573314758,160.143963041177,
Ireland,2000,30199.653107,5.59071729957807,31.4883749138371,0.945576866799007,175.140015398171,
Ireland,2001,32580.733669,4.87290487290487,34.073024228229,1.05953127751189,175.027858213513,
Ireland,2002,35212.040562,4.614733276884,35.0764985320596,1.11512589219835,163.765542979159,
Ireland,2003,36230.743656,3.49048968029138,32.2200557056178,0.935061284045991,146.552257964078,
Ireland,2004,38711.710492,2.19962850718543,30.7424699245801,0.871973782878227,146.696891350989,
Ireland,2005,40447.507229,2.42969198392961,30.0050352262828,1.06124446446373,148.279869385315,
Ireland,2006,44211.659897,3.93163989540532,30.0185089514276,1.15807707474111,149.958964555621,
Ireland,2007,46717.769941,4.89711564381346,28.4574208455613,1.50697217147069,153.29367749115,60.5434913635254
Ireland,2008,44184.551003,4.06030495117353,25.8093977509201,2.23402627357328,159.625155804428,
Ireland,2009,41532.212972,-4.47810339150477,25.4765691555763,1.416491606973,172.998737940581,
Ireland,2010,43320.050585,-0.922095829024469,23.248890920221,1.45071046483844,189.421701597387,66.5854721069336
Ireland,2011,44902.996876,2.5571888318692,24.5627952318144,1.26502257479908,188.755763426167,66.3703002929688
Ireland,2012,46274.524246,1.69620897294545,24.5027133752784,1.20805872649002,191.537017257834,
Ireland,2013,47924.38829,0.508714869485436,24.383369977201,1.34583273009161,188.521589827238,
Ireland,2014,51212.500064,0.182542316627949,24.7612635829453,1.82831477083117,201.990345830311,
Ireland,2015,69133.710608,-0.289879079012739,38.1665831397437,1.33891269488418,215.136640653511,
Ireland,2016,71793.285749,0.008306337735699,36.9652155471516,1.54784452259466,226.041377290551,
Ireland,2017,78739.394859,0.340531561461793,35.7544195252948,,219.998349077447,70.7767715454102
Ireland,2018,85027.001037,0.488370168032449,36.7965165982334,,211.511074393765,
Ireland,2019,89561.458769,0.939044481054341,35.1826882182881,,239.215091683884,
Italy,1970,3623.403574,4.96831987329337,,,30.0988460061532,
Italy,1971,3858.260055,4.79166438333785,,,30.3960898661075,
Italy,1972,4149.964378,5.74950393730015,,,31.8228078581609,
Italy,1973,4657.605511,10.7986174547601,,1.31360603491401,34.0646666436288,
Italy,1974,5321.018244,19.1597695854699,,1.44304073746447,40.8028948180581,
Italy,1975,5658.471873,16.9505025668306,,1.64396513024265,37.4004476039236,
Italy,1976,6363.428215,16.6141664725788,,1.42952440693698,41.1921519374612,
Italy,1977,6902.497779,17.13004878665,,1.39072066294927,41.809556862689,
Italy,1978,7600.265062,12.0940138425074,,0.278630034241977,41.268188138925,
Italy,1979,8696.135931,14.7985735661485,,0.357701869415268,43.7104191890846,
Italy,1980,9786.690856,21.0641682770745,,0.378980145882342,42.9726563189869,
Italy,1981,10788.559491,17.9692987519672,,,45.2820379980129,15.3000001907349
Italy,1982,11495.723298,16.4804146202215,,,43.5082890935583,
Italy,1983,12081.256231,14.646576674877,,,40.1896938810034,
Italy,1984,12918.019846,10.794496007681,,,42.4356673673919,
Italy,1985,13695.463188,9.20599144253119,,,42.6371550211654,
Italy,1986,14370.062965,5.82354691862018,,0.950404768059199,36.1633469118778,
Italy,1987,15193.859371,4.7472849038979,,0.883257287893181,35.562608674538,
Italy,1988,16381.650696,5.05824747667121,,0.933404313955872,35.1111015717216,
Italy,1989,17587.501545,6.25983137956973,,0.818263714890439,37.0527693801478,
Italy,1990,18592.631819,6.45660906146405,28.0618482779047,,36.321749399443,
Italy,1991,19497.746407,6.24999929790291,27.1567616405506,,33.8784372967187,
Italy,1992,20100.806853,5.27058998592932,26.6876839299477,,34.9137116248328,
Italy,1993,20389.1124,4.62673468331293,26.3784785861565,,37.759229199437,
Italy,1994,21268.095706,4.0518421806572,26.3749811238498,,40.4550288341845,
Italy,1995,22340.547473,5.23542258044299,26.3610819684871,1.16080703471509,45.6845541664238,
Italy,1996,23002.265874,4.00697668981039,25.9216155082736,1.12976585390712,42.878698334893,
Italy,1997,23867.508126,2.04310779750133,25.5248442977403,1.0920225020814,44.5885059769363,
Italy,1998,25020.08757,1.95508557719383,25.2644561503424,1.10856987565754,45.0927382309319,
Italy,1999,25602.386484,1.66345995007714,24.6817872959994,1.17520724129438,44.6207908015108,
Italy,2000,27084.202085,2.53768532095005,24.3093084252286,-0.020186697410957,50.4055898251238,
Italy,2001,28043.04706,2.78516542713555,24.120805424707,1.05637798524198,50.0348046309252,35.4443511962891
Italy,2002,28716.197174,2.46532319171164,24.0295101924527,0.453387764572527,48.0579242988141,
Italy,2003,29116.350319,2.67255552772852,23.479364493926,1.03424725419621,46.1488447781921,
Italy,2004,29448.802597,2.20673661423654,23.4189596087361,0.957852303037081,47.4303303888471,
Italy,2005,30016.1557,1.98529298527983,23.2715911307131,1.05963674627995,49.3010107621318,40.4973793029785
Italy,2006,32252.424492,2.09084391012755,23.4009524651076,1.03825780359746,53.1681791846237,41.4056587219238
Italy,2007,33897.278447,1.829741122024,23.7719246206342,1.10135160145045,55.061455631698,43.0896492004395
Italy,2008,35274.312724,3.34783258401023,23.6013764186517,1.20002600829492,54.4928757988188,43.9995613098145
Italy,2009,34347.697478,0.774768131387384,21.8848000505181,1.54372195448914,45.4187617874817,44.7269515991211
Italy,2010,34860.578039,1.52551602118248,21.8657608357681,1.30017893296752,52.0061883742819,45.5006904602051
Italy,2011,36183.316026,2.78063272879324,21.7497036250001,1.30724011887016,55.1455224600271,46.1607398986816
Italy,2012,36002.908697,3.04136333226773,21.3450699035872,1.01244898280896,55.6547208446016,47.2840003967285
Italy,2013,36067.707344,1.21999342274305,21.1724585185577,0.96458847710252,54.8675793967737,
Italy,2014,36194.916674,0.241047429826773,20.7984291070401,1.00520216086415,55.3221151506422,48.6404800415039
Italy,2015,36899.396401,0.038790399657955,20.8563842801091,0.900810582428047,56.4181761616088,49.1525802612305
Italy,2016,39926.966169,-0.094016656915727,21.2179443783853,0.976468884231939,55.3676028142217,
Italy,2017,41581.131252,1.22653316645808,21.3004050229852,,58.6041759472917,
Italy,2018,43085.032793,1.13748763600395,21.4586369057093,,60.3483805856494,
Italy,2019,44367.944391,0.611246943765291,21.3817427826391,,59.9562954987493,
Japan,1970,3283.240226,6.9241738348578,,,19.5661448262452,38.5797691345215
Japan,1971,3576.25832,6.39534883720932,,,19.9181169378727,
Japan,1972,3990.2751,4.8435171385991,,1.08174436701261,18.1451642362258,
Japan,1973,4443.245631,11.608623548922,,0.821992981152329,19.2981314824504,
Japan,1974,4718.602008,23.2222458076842,,0.945818108398712,26.9043547828043,
Japan,1975,5250.24193,11.7312661498708,,1.01688048526383,24.5979716095151,
Japan,1976,5695.524956,9.37403638606229,,0.952667143217162,25.3262622293154,
Japan,1977,6253.444916,8.16182689596844,,1.02784484442286,23.6290866918926,
Japan,1978,6982.402592,4.20956601068683,,1.13873821529774,19.727307276949,
Japan,1979,7910.311273,3.7018509254627,,1.09431263895706,23.1440754776203,
Japan,1980,8798.015994,7.77858176555715,,1.03736053984243,27.2277616831733,54.0120010375977
Japan,1981,9964.208841,4.91216291820523,,0.959711818627858,27.6288385217909,
Japan,1982,10854.228911,2.74104095563142,,0.914778719097466,27.2932104663425,
Japan,1983,11597.812844,1.89971971348489,,0.888914775592195,25.060116036395,
Japan,1984,12476.93244,2.26161369193154,,0.817511870687505,26.3405837481833,
Japan,1985,13461.871837,2.03227734608488,,0.764790851279347,24.5959974347141,
Japan,1986,14118.547053,0.595586799453213,,0.808631953435587,18.1510900118969,
Japan,1987,15080.272622,0.126176841696618,,0.944753098973055,17.1063640217492,
Japan,1988,16602.785923,0.678557580457501,,0.851536449164138,17.1853875125939,
Japan,1989,18024.313141,2.2722896206432,,0.744300772487872,18.8722123124478,
Japan,1990,19549.49146,3.07851628695162,,0.766079118887763,19.6627488241512,
Japan,1991,20818.777571,3.2514384875331,,,18.073942508306,
Japan,1992,21393.467094,1.76028306059265,,,17.3298040342119,
Japan,1993,21722.216697,1.24304589707929,,,16.0138787096878,
Japan,1994,22374.51321,0.695458057868973,34.703014349669,1.38747296564147,16.1044723058705,
Japan,1995,23410.199891,-0.127899045020464,34.4146827467892,1.4870790025475,16.6794818841082,
Japan,1996,24524.086789,0.136600358575938,34.4996043224233,1.38936936734759,18.5245001539539,
Japan,1997,25155.379974,1.74780458692133,34.1101297874631,1.27316212433948,20.0407381925235,
Japan,1998,25084.178683,0.661974191385916,33.5473857636127,1.42768134010031,19.2320217080914,
Japan,1999,25334.510151,-0.34129692832762,33.0394698911848,1.57578593973888,18.3489598227121,
Japan,2000,26841.230748,-0.676578683595063,32.7582560289801,1.54763758149708,19.8196527094812,
Japan,2001,27476.220728,-0.740055504162808,31.269854016692,1.44834179405551,19.7981281249701,
Japan,2002,28170.054375,-0.923494026942291,30.5396539674898,1.47302389094902,20.6856113593736,
Japan,2003,28943.718353,-0.256541816316074,30.4154030058554,1.4112708810834,21.5831293981556,
Japan,2004,30354.456682,-0.008573388203,30.298614840832,1.30212102377624,23.9223564559182,
Japan,2005,31667.91436,-0.282946068764487,30.1993883992759,1.34729213664934,26.5154937832549,
Japan,2006,33094.337825,0.249355116079096,29.9825937495789,1.27793877805503,30.3317816192197,
Japan,2007,34507.170217,0.060039454498687,29.8824950412667,1.24255155559217,33.0938884857704,
Japan,2008,34803.657814,1.38007886164923,29.0052902188277,1.30339838034459,34.3990204251571,
Japan,2009,33201.987096,-1.35283672951722,27.2724672676869,1.4686793285407,24.4908999164455,
Japan,2010,34994.372225,-0.719979429159149,28.4446069072311,1.24793671039638,28.6130077131406,80.3393630981445
Japan,2011,35775.256332,-0.267633600966946,26.8817083953574,1.25706006306362,30.3930029700341,
Japan,2012,37213.837398,-0.051939058171737,26.7480501344359,1.2176406364025,30.6361236890786,
Japan,2013,39008.36056,0.346440325653898,26.9376337008392,1.39724581239631,34.1475222566436,
Japan,2014,39183.465681,2.76195408251338,27.6880609329877,1.25551689512645,37.5457697966046,
Japan,2015,40398.402903,0.789517890139427,29.0196224571341,1.15303438719957,35.6410207185955,
Japan,2016,39983.643655,-0.116666666666671,28.9750926733008,1.13646633697902,31.541805125769,
Japan,2017,40992.39323,0.467211747038214,29.1625129557312,,34.5734381588921,
Japan,2018,41724.030341,0.979903670486641,29.0720136422082,,36.8165073643981,
Japan,2019,42385.765777,0.476973684210521,,,,
Korea,1970,600.311053,15.9503416146001,24.7979689623114,,32.5609668883644,15.6603403091431
Korea,1971,683.643655,13.5117038546779,23.3304246655032,,35.6893542757417,
Korea,1972,750.453194,11.6889857102633,24.8775687138271,1.92140965859831,38.041568057736,
Korea,1973,893.560452,3.22102913870131,27.6246992202341,1.13979700758055,51.5785283954191,
Korea,1974,1048.5027,24.3041953736937,26.6110056925996,0.961416824794434,55.5306767868438,
Korea,1975,1214.812474,25.2492578991944,26.6853826017679,1.22349102773246,53.9815622747449,
Korea,1976,1428.131471,15.3273285373806,27.6408158752971,1.1953457520314,53.8803825106406,
Korea,1977,1677.639748,10.0966631590669,28.4639484955476,1.33812694471762,53.9254410713614,
Korea,1978,1962.301031,14.4602876220116,30.2112942018327,1.33574509531098,54.2177344013994,
Korea,1979,2274.614767,18.3235003042007,31.5585622008314,1.25916987374353,54.5445847979927,
Korea,1980,2401.517486,28.697587276634,32.0802213210288,1.2687192732051,65.5308608411307,27.6175193786621
Korea,1981,2775.627159,21.3516531701039,31.272523746824,1.17375145460622,67.131335338576,
Korea,1982,3143.886982,7.19084762569721,31.6824527900067,1.55359193947625,60.2289191538684,
Korea,1983,3649.828067,3.42061545401478,32.9796812871896,1.3469427923872,57.9122239832198,
Korea,1984,4129.196761,2.27394229841602,34.5128532038534,1.29149155186388,57.3678002526997,
Korea,1985,4548.669077,2.4591170060939,33.9458774964626,1.03029966061385,52.6570497800401,56.9637718200684
Korea,1986,5114.750657,2.74998326953285,34.8748079832365,1.15647011529745,60.1070244635668,
Korea,1987,5850.17417,3.04965909814169,35.9477328267232,1.14463860480633,63.0001528376027,
Korea,1988,6716.574957,7.14609525631211,36.5902323851482,0.878114068524405,58.7036378717858,
Korea,1989,7399.974332,5.70016093670056,36.1736121079506,0.953548152070725,52.9136595622002,
Korea,1990,8352.635031,8.57360068709822,36.321838965836,0.82470649124784,50.7503133784944,48.4000015258789
Korea,1991,9471.455593,9.33336072477763,37.1477199666283,1.15019273667102,49.8250791504987,
Korea,1992,10181.490264,6.2126786445748,35.8813190709258,0.935718279979016,48.759425641203,
Korea,1993,11026.869848,4.80110248980126,36.2140774214714,0.870927304380051,46.9186782337658,
Korea,1994,12182.981493,6.26581477198877,36.2427361129083,0.907130166601609,48.6659897866647,
Korea,1995,13497.975354,4.48068699525355,36.4912556111278,0.9302297907864,52.4640219612036,56.4612083435059
Korea,1996,14688.991427,4.9248096866348,35.4480556111846,1.2755400876315,52.6539729274205,
Korea,1997,15716.204059,4.43906376109768,35.3964691630175,1.29667466049006,57.5230377463691,
Korea,1998,14969.393501,7.51334012248214,35.3082832897723,1.34387684043995,68.4974720563618,
Korea,1999,16807.013023,0.812996589285747,34.6658652504933,1.88989065910563,59.7627537606539,
Korea,2000,18539.420748,2.25918477850415,34.7553167849948,1.22248303650022,66.0951601081834,63.714599609375
Korea,2001,19713.595536,4.06641964799839,33.2209651958152,1.22637040779394,62.2237972179905,
Korea,2002,21396.719189,2.76251135208606,32.8127498833055,1.02284154026301,58.3530394029217,
Korea,2003,22084.778571,3.51487924186862,33.1112597254483,1.22371116538188,61.1746012790121,
Korea,2004,23763.307826,3.59059139085802,34.7348397118927,2.0329493707449,70.0157148656729,
Korea,2005,25186.638103,2.75409020054754,34.1503317465453,1.04977002401593,68.3248110236401,69.2535018920898
Korea,2006,26875.232505,2.24184710439148,33.5172729953167,0.909167299372565,70.6518735304194,
Korea,2007,29050.159627,2.53484687118478,33.4537500773177,1.56261373958597,73.8745252877915,
Korea,2008,29945.899216,4.6737959569162,32.5102179703721,1.5914736100203,95.5163524347469,
Korea,2009,29529.785604,2.75668647737581,32.9053600052499,1.04647505445939,86.133619369747,66.0361862182617
Korea,2010,31748.35357,2.93918135927598,34.116775965605,1.00115551720717,91.3995964951756,72.7248001098633
Korea,2011,32546.517725,4.02584624959385,34.4509672575549,0.934239791403096,105.566313581348,
Korea,2012,33557.030447,2.18722120847932,34.1346926355836,1.71134677497866,105.458327737701,
Korea,2013,34244.239492,1.30137705753611,34.447829188741,1.70529546165824,97.9521049538882,
Korea,2014,35324.260296,1.27471470205519,34.0916723723005,1.68270187852518,90.6144418981567,
Korea,2015,37902.361018,0.706208169859214,34.1499356702728,1.67243722776053,79.132494389092,76.4498977661133
Korea,2016,39575.302078,0.971674763956376,34.2977996755017,1.51173772503084,73.6038094655981,
Korea,2017,40957.347064,1.94445590723395,34.766308535902,,77.1209178066416,
Korea,2018,42486.739807,1.47586240396369,34.0458023068892,,78.9888655134363,
Korea,2019,42728.031736,0.38294613224406,32.8321469501494,,76.9964293082181,
Netherlands,1970,4408.714419,3.66891820184054,33.5944547716354,,86.4466996250629,
Netherlands,1971,4773.47059,7.47769255204139,32.9807242002196,,85.3728199754091,16.2999992370605
Netherlands,1972,5052.556812,7.80279143456221,32.6978198706414,,82.6921016137759,
Netherlands,1973,5592.389897,8.02220374966089,31.9152806875791,1.23979070153242,86.1600121960937,
Netherlands,1974,6305.785698,9.59142484325105,33.9550499002896,1.04034768146118,96.0362822874831,
Netherlands,1975,6839.257365,10.2174805273043,31.0304395307516,1.15568724994186,90.4475311790196,
Netherlands,1976,7499.073546,8.83064355905729,31.0119463388446,1.00470017331143,92.7764388308681,
Netherlands,1977,8069.419308,6.39930319039238,30.044002487169,0.834043819362754,89.6743081884282,
Netherlands,1978,8785.687909,4.11201316875871,29.0888910467337,0.833287805690821,86.4345063468184,
Netherlands,1979,9641.269117,4.1992929622273,29.1810321372159,0.890618918196547,94.5487947458764,
Netherlands,1980,10766.462046,6.51345686297218,29.6978532247452,0.951033660172453,99.8291443961158,
Netherlands,1981,11611.602115,6.73892955078443,30.1713926369132,0.940038523898433,104.874364951442,
Netherlands,1982,12120.720779,5.91109323984921,29.2717706647417,0.805808157863048,104.508804380224,
Netherlands,1983,12806.074851,2.74084282543436,28.7922988789513,0.822035729812669,104.819286384332,
Netherlands,1984,13622.162965,3.3016384199798,29.9649060755374,0.952879197913552,110.54326394606,
Netherlands,1985,14350.873246,2.25858401255266,30.1563694106168,0.776517642321921,114.483131119133,
Netherlands,1986,14966.286955,0.083347949486719,27.8621964278299,0.672587655401431,97.1324970251678,
Netherlands,1987,15529.10347,-0.691203091336804,26.4857707999095,0.61848012583789,95.6744233471543,
Netherlands,1988,16521.95998,0.737943045747533,26.6023680338734,0.533160162958919,99.9876917528422,
Netherlands,1989,17824.762953,1.0821601557778,26.4917850391781,0.527529556301455,106.039497305789,
Netherlands,1990,19135.366224,2.45408985919672,26.2982671507698,0.565852684877805,104.033369482689,
Netherlands,1991,20102.246439,3.15819751859096,25.9421038185759,0.552013703670879,105.109404247549,
Netherlands,1992,20754.114426,3.1835856949958,24.9848331249468,0.4982044281415,101.999677728936,
Netherlands,1993,21361.072806,2.58418115634715,24.5524272822565,0.59088328701912,98.9411232863718,
Netherlands,1994,22330.337233,2.80152693672193,24.122270636815,0.673880043611377,102.950734655707,
Netherlands,1995,23389.334808,1.92322457166356,24.0684940236142,1.57327617087933,107.81861160927,
Netherlands,1996,24456.036125,2.11378787066776,23.6767500906783,1.62026579545133,108.732970620239,
Netherlands,1997,26007.398523,2.1092456273948,22.7310416587634,1.6483535019482,114.340759688494,
Netherlands,1998,27708.209226,1.95913632274256,22.3571184011971,1.29968832766201,112.552023231337,
Netherlands,1999,29268.685491,2.15717918055056,21.6576590322296,1.68304111092736,114.401884331961,
Netherlands,2000,31883.70496,2.36052233801956,21.740371277436,1.06396303136414,125.521949881307,
Netherlands,2001,33194.897494,4.15584127195611,21.8933720150826,1.84897058837611,120.038764757274,
Netherlands,2002,34447.053372,3.28753104712768,21.1475105609843,1.94905224265507,113.457397877227,
Netherlands,2003,34115.065703,2.09199838997658,20.7786509623447,1.90364293337082,111.920009360192,
Netherlands,2004,35779.622867,1.26364739183177,20.7101642590206,1.69544616970359,117.608627471726,64.7281494140625
Netherlands,2005,37625.252435,1.68813017869622,21.0231573673539,1.43022506559332,122.806657675042,64.9544906616211
Netherlands,2006,40959.18563,1.10150106517704,21.2063721246916,1.51511152278952,127.772151379019,
Netherlands,2007,43885.020938,1.61385859802103,21.1550947235816,1.49079501186318,130.457871020883,67.44873046875
Netherlands,2008,46419.042594,2.48650198289454,21.5099552223585,1.58703399050113,131.05989202686,66.2211532592773
Netherlands,2009,44590.781562,1.18977687021549,20.30849398728,1.73471450852936,116.889549678159,66.3446197509766
Netherlands,2010,45079.367407,1.27530569556686,19.6942365849118,1.75111234276597,131.522074134799,66.7723236083984
Netherlands,2011,46599.227659,2.3410701775137,20.0661480812905,1.65023899377425,142.471773282141,66.4095993041992
Netherlands,2012,47271.968226,2.45554765291609,20.0181939028985,1.52436487179503,149.268415200791,67.0986328125
Netherlands,2013,49242.786711,2.50689852657884,19.3341640636947,0.883632670264427,149.549331302435,69.5296936035156
Netherlands,2014,49233.230349,0.976035079699661,18.4123533265829,1.3798007299249,150.053755435106,69.4222030639648
Netherlands,2015,50288.352815,0.600248147278775,18.1860210316402,1.3822442681029,157.816576039698,69.570442199707
Netherlands,2016,52289.404292,0.316666666666663,17.637508699955,1.48870129763757,148.858664731618,69.9871978759766
Netherlands,2017,55089.58143,1.3814587140721,17.7031373197172,,156.028211221086,
Netherlands,2018,57899.824961,1.70349794744475,17.8057254191608,,158.823210208957,71.1049575805664
Netherlands,2019,59468.672811,2.63369910249593,17.7037372554295,,156.224459948633,
New Zealand,1970,3920.812722,6.5171810515548,,,46.2524948648563,
New Zealand,1971,4301.523846,10.3875683188137,35.4777534646244,,44.1867250182349,
New Zealand,1972,4713.102051,6.93280459206853,34.3368902439024,2.36280487804878,45.8587398373984,
New Zealand,1973,5076.851355,8.16666927326659,33.8767525268993,2.28236061297685,47.8643625692859,
New Zealand,1974,5673.880107,11.1094020122225,36.1226508407517,3.03659742828882,53.5509396636993,
New Zealand,1975,6287.07331,14.6849834723994,34.3607305936073,2.52897787144363,53.1348788198103,
New Zealand,1976,6537.207304,16.9068570059449,35.3193927241478,2.07676883414494,55.9438556287597,
New Zealand,1977,6463.871417,14.3835494194622,35.6709071150035,2.03925078309787,53.8963114492105,
New Zealand,1978,7240.894816,11.9566179733303,35.160744500846,1.94021432600113,52.5437112239143,
New Zealand,1979,7658.944698,13.6995950156641,34.6347120216467,1.59451101662157,58.8084654039428,
New Zealand,1980,8439.892265,17.1505454240954,34.5885576683551,1.56522461180769,58.6938470480777,
New Zealand,1981,9434.13022,15.3701595831853,36.0304146208401,1.52073104200764,58.8754773595199,56.6950416564941
New Zealand,1982,10434.839288,16.1636941231018,36.9401410573271,1.54620531677618,58.442341310507,
New Zealand,1983,11202.354032,7.34107586057345,36.0080023790857,1.5220741301468,57.9929168131066,
New Zealand,1984,12287.961672,6.17125347924443,35.8214670336245,1.45028120138806,66.1983965537872,
New Zealand,1985,12633.11386,15.4176555719918,33.6898174055421,1.76169454289208,60.7432278389189,
New Zealand,1986,13239.405951,13.2133980640021,31.408210101289,1.44082273566511,52.7703483857609,
New Zealand,1987,13371.461728,15.7443007888927,28.7775188569326,1.42730115901147,50.0061323358067,
New Zealand,1988,13848.257848,6.37524944411055,27.7699359824344,1.18482398733906,48.4038382023753,
New Zealand,1989,14430.096289,5.71599155135626,27.7044143804237,,51.9781167466178,
New Zealand,1990,14676.667761,6.09844414810207,26.5359202385487,,52.6081416580188,
New Zealand,1991,14522.896819,2.60239285999773,25.9862835178433,,54.6355654428897,46.9000015258789
New Zealand,1992,14867.763036,1.01456027171234,25.9590221484649,,59.2340588498117,
New Zealand,1993,15881.392771,1.28820776574389,25.9651197162282,,57.553650605971,
New Zealand,1994,16976.474045,1.74537790773741,26.537527593819,,58.8145695364238,
New Zealand,1995,17825.310759,3.75494413677554,25.7232220790557,,56.9142524626959,
New Zealand,1996,18388.39421,2.28571305402195,25.0620666462251,,55.1161709577551,
New Zealand,1997,19082.407272,1.18714833105633,24.8122883175118,,55.2468635214425,
New Zealand,1998,19306.483619,1.26524409915407,23.8097466908805,,57.8960178233763,
New Zealand,1999,20537.595625,-0.114267129777519,24.0574411149087,,61.4012311333669,
New Zealand,2000,21471.617779,2.61523446246318,23.5899832274969,,68.5169268768932,
New Zealand,2001,22387.147333,2.62581630392901,23.109733358195,,67.2338243520418,71.189208984375
New Zealand,2002,23180.064981,2.6770925771161,23.8583824649914,2.18035448768688,62.6559945554479,
New Zealand,2003,23856.565373,1.75357444759553,23.2578095804902,1.62467785912998,57.914769345753,
New Zealand,2004,24995.646468,2.2902490284757,23.5521710155992,1.79380042572739,58.7995522745359,
New Zealand,2005,25590.127446,3.03702332617015,23.9417689045459,2.0793085671149,58.0187434407163,
New Zealand,2006,27682.116121,3.36540196171992,22.980965882681,2.13639955377893,59.5658640885005,72.772331237793
New Zealand,2007,29304.026647,2.37614310290657,22.9470382976901,2.03315993406546,58.3691905893434,
New Zealand,2008,29784.428109,3.9589493731206,23.2149637192035,1.97962369220385,64.3319692878839,
New Zealand,2009,30587.84323,2.1156511055456,21.4219536549963,2.075954618613,55.1528190980122,
New Zealand,2010,31174.15647,2.30202385958576,21.1880107920563,2.01464494440666,58.2112510627423,
New Zealand,2011,32680.389989,4.02790667392038,21.0058977412307,1.69141840021754,59.1635333939672,68.9641036987305
New Zealand,2012,32924.631878,1.05991318445635,20.9690171922405,1.66477630750012,57.0097453341914,68.7936172485352
New Zealand,2013,36100.25209,1.13442266445812,20.34126994358,1.5934571502752,56.0349606177407,
New Zealand,2014,37133.665007,1.22750750597405,21.4448509071091,1.80179158635996,55.1759304370804,69.4948272705078
New Zealand,2015,37338.636255,0.292704628136101,21.2370915263828,1.89971711005077,54.7991229311077,69.5380325317383
New Zealand,2016,39896.683502,0.646240284454502,20.163616728553,1.95240941030595,52.2101572554995,70.0286712646484
New Zealand,2017,42208.479601,1.85078767452532,20.4300182633239,,53.8501715645581,
New Zealand,2018,43376.970793,1.59829703801698,,,55.9419498900163,
New Zealand,2019,44152.059281,1.61963190184049,,,,
Norway,1970,3355.813812,10.6372065264183,26.8666011143887,,73.5758767617175,28.1000003814697
Norway,1971,3701.109536,6.22386323501295,26.124182434862,,72.0856779109206,
Norway,1972,4035.899187,7.25843582961514,26.2141270701807,1.4760147601476,69.1462198982179,
Norway,1973,4418.573927,7.41947283637505,26.3253494242965,1.32688873837818,75.1993411735731,
Norway,1974,4974.983514,9.41176813211894,27.4313567718897,1.35524242081674,82.396478231668,
Norway,1975,5673.663433,11.6892234816853,28.8392716861896,1.32325471780458,77.9870700440503,32.2999992370605
Norway,1976,6304.714575,9.16147276547565,28.4653705148405,1.35427979950948,80.2986961997563,
Norway,1977,6945.742677,9.10383971160296,28.2719669816444,1.43142898519243,77.6718800912349,
Norway,1978,7691.51911,8.16167154339621,29.6033425178771,1.41950403463885,71.6041789673949,
Norway,1979,8663.98066,4.50972761206205,32.0998115710957,1.16922550888812,76.1765656881,
Norway,1980,9846.378,10.8786610878661,34.1684496935079,1.2347657244116,79.4840375896619,38.1704711914063
Norway,1981,10912.931831,13.6429608127721,34.0527597647207,1.17913608556408,78.3602227865857,
Norway,1982,11572.090657,11.3409961685824,34.2259321090707,1.11148209979596,76.8540159525134,
Norway,1983,12463.712011,8.4652443220922,35.0224726847353,1.15176679113191,74.7485305466166,
Norway,1984,13655.241229,6.21827411167513,36.554416114167,1.12757312146831,75.7762307349068,
Norway,1985,14822.841779,5.71485463958584,35.6965302399351,1.22865850405937,76.7411922432708,
Norway,1986,15679.744475,7.17649274816349,29.084416399015,1.28489997645696,70.5590010877915,
Norway,1987,16271.056881,8.71704745166959,28.5723961409726,1.41949202598937,65.733569600315,
Norway,1988,16714.172555,6.67636598771419,27.4683624360774,1.59663536540558,65.5076767396896,
Norway,1989,17475.036675,4.54614335505383,29.2014930112117,1.81687328455411,71.1639983912734,
Norway,1990,18418.515077,4.13103348311347,29.5300456085136,1.74019150241378,72.5895500493425,66.0164337158203
Norway,1991,19532.041644,3.43819599109133,28.4067450799722,1.90535978949154,70.6760141604659,
Norway,1992,20575.358771,2.32808504911854,28.0212718594306,1.98476681019268,67.6676591730589,
Norway,1993,21531.537068,2.28826933193056,27.5958615852233,1.64040215104045,68.0489829319617,
Norway,1994,22969.897384,1.37567498071484,27.9004684349725,1.51575437200402,68.7284269701742,
Norway,1995,24302.784912,2.46036778693723,28.7930701519408,2.40256328791928,68.3255151390559,
Norway,1996,26761.785334,1.26253249164498,30.9687751262952,2.3112398925922,71.1205000227559,
Norway,1997,28599.706298,2.56692335900259,31.473005414688,2.24437941367165,73.0625405225437,
Norway,1998,28188.202185,2.25241329996425,27.60007496703,2.49342748917191,72.022768656216,
Norway,1999,30554.45254,2.36596736596735,29.5652407502949,2.23467218250297,70.0085882076877,
Norway,2000,36952.282492,3.08550609131277,36.4948055540997,1.71208724572625,74.6516082248655,
Norway,2001,37778.5612,3.00419703998231,35.2055799824331,1.54490234007924,73.2794606681813,
Norway,2002,37981.68638,1.28672528415185,33.2344880866815,2.10457737411164,67.6104049516152,
Norway,2003,38552.708652,2.48782553461785,33.3947804320511,2.13797640530152,66.5528239333878,
Norway,2004,42513.853145,0.454498502220854,34.9961301611872,2.12448542360714,69.0087604177182,80.6914978027344
Norway,2005,47800.540634,1.53213367609252,37.9666801843429,2.02272678163224,70.8135781791539,71.2688980102539
Norway,2006,54084.291298,2.32934980757545,39.6638206538144,2.08765262369959,72.3558498175126,73.2487030029297
Norway,2007,55864.469542,0.712589073634205,37.1778162713979,2.18694538657367,73.1842294163025,73.6483612060547
Norway,2008,61719.343656,3.75393081761006,40.2948114564514,2.23943170354687,74.8893594007111,74.9272384643555
Norway,2009,55401.83115,2.19738586853571,34.3017301761883,2.64161012583586,67.054796805081,74.8919067382813
Norway,2010,57966.866732,2.41890639481001,34.7682539584538,2.17948900994374,68.2495594214732,75.414192199707
Norway,2011,62077.845797,1.28495158809159,37.0265440080382,2.21514579348963,69.6733929343216,75.9920196533203
Norway,2012,65349.216157,0.696864111498241,36.8413452795885,2.14621668370977,68.2174036699074,
Norway,2013,66956.285962,2.12048620353119,35.6394714289808,2.36632039864237,67.5466198492849,
Norway,2014,65895.667611,2.0417028670721,34.0317191657959,2.66230346655357,68.6632828305019,77.0060577392578
Norway,2015,60352.716908,2.17113665389528,31.0103793816342,2.82938754834197,69.8591654324035,77.4857177734375
Norway,2016,58923.240139,3.55000000000002,27.9415637987598,3.00147055595795,68.9403153109535,77.8364028930664
Norway,2017,64050.366694,1.87510059552548,29.7912654739268,,69.1644246402997,78.2241363525391
Norway,2018,69709.381608,2.76483134528794,32.0485094282979,,71.0741858923888,
Norway,2019,68343.740792,2.16773003305405,29.1033876529853,,72.1464996506412,
Portugal,1970,2073.092005,6.38014449001677,,,43.2134622149252,
Portugal,1971,2343.050287,11.9468983654056,,,44.6741887841036,
Portugal,1972,2644.242868,10.6633559759477,,,46.2324812008255,
Portugal,1973,3100.468844,12.9746085239333,,,47.2371227194112,
Portugal,1974,3370.852496,25.0827778589527,,,53.9413742439675,
Portugal,1975,3391.628666,15.2716857518484,,1.17277620701745,41.5330668634112,
Portugal,1976,3718.074974,21.1419048031955,,2.17986805802772,37.7144802786258,
Portugal,1977,4126.241457,31.0167490988806,,,40.5280730452587,
Portugal,1978,4491.911969,21.0387723599383,,1.2788484848064,41.1304102080515,
Portugal,1979,5084.116911,21.8992248062016,,1.2976794929486,50.7332856319489,
Portugal,1980,5735.441684,15.8674803836094,,1.31769788741519,54.235250133883,
Portugal,1981,6325.32632,19.0404107466914,,1.44807021623253,55.5761399788775,
Portugal,1982,6817.318657,21.6792837277095,,1.27778503400819,55.7622044487812,
Portugal,1983,7041.525798,24.0027623802917,,1.1929292822265,58.927638630084,
Portugal,1984,7134.043761,28.3846388897103,,1.21894803505101,64.4120956691972,
Portugal,1985,7549.644385,19.4614100078696,,0.926356189467383,61.5163983775733,
Portugal,1986,8020.609753,12.3313334897218,,1.25785138914389,54.0200662667425,
Portugal,1987,8758.273168,9.63483186245761,,1.24715156473129,59.5758532762961,
Portugal,1988,9771.690896,10.1016321152265,,1.20898058824981,63.1993819858485,
Portugal,1989,10842.526469,12.6863036456149,,1.68220326029562,64.8688963786966,
Portugal,1990,11737.654939,13.6305705693074,,1.7492948742223,65.0555926306887,
Portugal,1991,12700.582427,11.8494841773675,,,60.3666002157807,
Portugal,1992,13136.826692,9.55926033177512,,,56.3072775978983,
Portugal,1993,13158.63288,6.78377994665411,,,54.1752326633391,
Portugal,1994,13536.716477,5.42044019241623,,,57.1773600156865,
Portugal,1995,14371.63835,4.22281614099486,24.8145536044126,2.85021580210494,59.9144721620053,
Portugal,1996,14885.045863,3.06897732509791,25.4394109793019,3.13158577262359,60.2098050471666,
Portugal,1997,15783.166645,2.33686298314112,25.7156123620847,3.40053098299869,62.3049515024583,
Portugal,1998,16686.37633,2.57275225909127,25.3364915790029,3.16249670048186,63.8308988570361,14.5487804412842
Portugal,1999,17718.199563,2.34009490312174,24.8681230004472,2.89495177411694,63.3143298172237,15.2565402984619
Portugal,2000,18884.873913,2.85303039287156,24.4615743968679,2.25711601214334,67.4529979863247,15.67506980896
Portugal,2001,19533.387272,4.36990330551795,24.1438842401402,2.65104162136347,65.0919551771122,16.4253997802734
Portugal,2002,20356.721555,3.60034658290911,23.4969886519634,1.86794834750049,62.3082594169772,16.7417106628418
Portugal,2003,20829.642284,3.21899090682897,22.629715019166,2.33680088606489,61.1389474883653,18.4442596435547
Portugal,2004,21459.954835,2.365362040973,22.2369566238035,2.67811965273485,63.2045936670279,20.3303508758545
Portugal,2005,22725.351606,2.27716394887833,21.3833086063294,2.14836071165333,62.944504560452,21.3362998962402
Portugal,2006,24649.676772,3.10766545871054,21.1476529637361,1.95329353966877,68.5470531182009,22.4099292755127
Portugal,2007,25701.787963,2.45396528138739,21.153352846176,1.63118219939218,69.9461175817991,22.2938194274902
Portugal,2008,26665.771577,2.58850657657964,20.3862797641316,1.03196499221305,72.0757429221604,22.7975196838379
Portugal,2009,26478.491799,-0.83553002150417,19.857190463856,2.53648750145347,61.4926935267759,24.0550308227539
Portugal,2010,27282.766346,1.40257289895371,19.9500938637987,3.55517680774702,67.7832954557811,25.5953102111816
Portugal,2011,26769.42769,3.65301100430729,19.3449680402193,2.0552244657352,73.0995439986029,27.8761291503906
Portugal,2012,26438.140472,2.77333854051579,19.1134782639465,1.33885849879822,76.0508388667084,30.022819519043
Portugal,2013,27936.006299,0.27441666666668,18.86789482519,1.03706428307869,78.1144346199064,31.8690605163574
Portugal,2014,28742.313125,-0.278153367467421,18.9367801464576,1.0581956139177,80.2823078763457,34.2075881958008
Portugal,2015,29660.845901,0.487938623904736,19.4643821268536,1.27661130686186,80.4908943813068,35.4289283752441
Portugal,2016,31607.610185,0.607397074641661,19.3279610326808,0.658690082723329,79.2742296253386,36.7709617614746
Portugal,2017,33044.70015,1.36861411643481,19.1172658186866,,84.4391405215721,37.6235198974609
Portugal,2018,34931.85988,0.99371568346825,19.2993079718,,86.4287609308408,37.0835800170898
Portugal,2019,36760.021797,0.338178410046125,18.8999142606178,,86.7823274210182,
Spain,1970,2762.124032,5.7311558398144,,,25.8215109540302,6.24201011657715
Spain,1971,3009.182348,8.23688062988463,,,25.8943203130684,
Spain,1972,3364.792619,8.27228772842505,,1.79439176504641,27.1807171889044,
Spain,1973,3791.31674,11.4167092625229,,1.58221026056348,28.1070882681431,
Spain,1974,4322.831589,15.6803783160246,,1.57181402317806,31.6954731783029,
Spain,1975,4699.641568,16.9532824334277,,1.69384346805165,29.0859599989202,
Spain,1976,5061.944902,17.624875606664,,1.42522328084118,30.0775004244861,
Spain,1977,5463.701431,24.5380633969861,,1.67889097358349,29.1635848280674,
Spain,1978,5867.257088,19.7736832132249,,1.37656193135833,27.725213290205,
Spain,1979,6300.149572,15.6602266826064,,1.18299590021665,27.8359969776747,
Spain,1980,6945.722607,15.5618949023769,,1.18825146941619,31.5606100800939,
Spain,1981,7546.39467,14.5493586774997,,1.38960361824363,35.3801915562835,12.8000001907349
Spain,1982,8069.100099,14.414995819774,,1.50698088170008,36.5284284850597,
Spain,1983,8493.507242,12.1740835180134,,1.49274258033649,39.76852471461,
Spain,1984,8920.47753,11.2802636666493,,0.929967469856043,41.5414303005682,
Spain,1985,9381.657803,8.81445480881752,,1.18692550153261,40.866626090296,
Spain,1986,9851.954833,8.79493974688221,,1.09981630493764,35.3473420853772,15.6999998092651
Spain,1987,10629.352819,5.24802176694659,,1.21882997099557,36.3199600167146,
Spain,1988,11539.501349,4.83726469922025,,1.17920284305212,36.7134819107946,
Spain,1989,12546.436794,6.79143753312085,,1.46882565112119,37.3841834429039,
Spain,1990,13487.767571,6.72182530113632,,1.62917139923951,35.6107332350311,
Spain,1991,14273.58899,5.93421111318832,,1.6662716014309,35.4785412493691,
Spain,1992,14700.155139,5.92453428734186,,1.22291666634102,35.9778421488576,
Spain,1993,14860.725586,4.56907088464655,,1.2733131211994,36.9498939813697,
Spain,1994,15511.967914,4.71841328382086,,1.03809089534139,41.6444787333504,
Spain,1995,16250.412881,4.67380318516357,28.3344333764666,1.83352584088166,44.7753740870366,
Spain,1996,16940.421217,3.55884083117293,28.0791409701085,1.25816889920953,46.2452192648042,
Spain,1997,17909.831943,1.9710789044246,28.0646987682661,1.33380065784913,51.1662571157861,
Spain,1998,19100.328227,1.83432922905414,27.8474728998387,1.11817954542593,52.6614543708284,
Spain,1999,19962.792109,2.31034694983278,27.8950116077439,1.15523489944152,54.636466948565,
Spain,2000,21600.822324,3.43351675547435,27.9692398406424,1.15736488791404,60.0823337464942,
Spain,2001,23006.611474,3.58983494893723,27.9553433486497,1.12611680858439,57.9971554637493,
Spain,2002,24376.32871,3.06576537186607,27.7457734753559,1.16096014686106,55.0991792430679,
Spain,2003,25015.219073,3.03923368432095,27.4212044384282,1.17479738640301,53.4636891006225,
Spain,2004,26160.194832,3.03920165014928,26.9939506909756,1.39219046887672,54.5241826916923,37.2616500854492
Spain,2005,27600.937175,3.36845398789423,27.168932784246,1.32160537958952,54.7622975833471,40.3894195556641
Spain,2006,30704.576922,3.51537491125932,26.9325369113878,1.32005343571526,56.1771348136076,41.4418296813965
Spain,2007,32423.53222,2.78703047313632,26.3036486821956,1.40152983759771,57.7476037596033,42.3230590820313
Spain,2008,33242.245427,4.07566076368221,26.2904209939065,1.50431574858432,55.9833300436847,42.8323707580566
Spain,2009,32112.818687,-0.287996835001989,24.8996795168532,1.52348729055674,46.9948743270275,43.3348388671875
Spain,2010,31716.709735,1.79988133046941,23.1597758571989,1.42685481337436,52.928240557318,44.2518196105957
Spain,2011,31872.363088,3.19614641224106,22.0811402539851,1.23486152460651,58.7931710352776,45.265308380127
Spain,2012,31724.631513,2.44600018540708,21.0346436181201,0.91610989827359,60.8453698432449,45.6011505126953
Spain,2013,32452.659676,1.40854629241729,20.2795516823672,0.756702615186191,61.9962993018068,
Spain,2014,33544.352014,-0.150870313497969,20.0806465676767,0.666564615107377,63.8656097225425,47.2372512817383
Spain,2015,34929.20969,-0.500461321406559,20.0869532939244,0.756502937109661,64.2126411715031,47.8630485534668
Spain,2016,37313.634913,-0.202671740806371,20.0085290526467,0.625404007756949,63.7726244343891,48.6490592956543
Spain,2017,39580.188366,1.95608333333334,20.0600412956044,,66.6925732463354,
Spain,2018,40780.287322,1.67506761489627,20.1231314994258,,67.5728529422267,50.4169883728027
Spain,2019,42211.809525,0.699536241717015,20.4779670493874,,66.7761646309525,
Sweden,1970,4893.815187,7.01635885100765,,,44.2974247730282,35.3791389465332
Sweden,1971,5155.210325,7.39554113837636,,,43.1728321606004,
Sweden,1972,5484.891968,6.00738969862495,,1.41117395157839,42.588553009853,
Sweden,1973,6003.935438,6.71799739819353,,1.48396940508372,47.298539888583,
Sweden,1974,6733.64628,9.9117253011324,,1.34784861880168,59.2218712276554,42.6517486572266
Sweden,1975,7516.629861,9.77987398822574,,1.21165719522664,51.3307148636818,
Sweden,1976,7984.968148,10.2492246529784,,1.30249729476193,51.7585624836263,
Sweden,1977,8316.389382,11.4418051091076,,1.39121443924507,51.2801904487063,
Sweden,1978,9030.993,9.99526541717738,,1.25868054120822,50.3582988846878,
Sweden,1979,10132.555006,7.20978617047807,,1.07378514836003,56.1535931992075,51.1023788452148
Sweden,1980,11214.009453,13.7063223649004,29.7349212672185,1.0582492817732,55.8791694431012,
Sweden,1981,12316.109384,12.1039385302599,28.5224728861921,0.922856445432641,55.7421403434609,
Sweden,1982,13232.361929,8.58918509047116,28.2147294157989,0.943491678344951,60.6567026041255,
Sweden,1983,14005.264108,8.87302152363218,28.4915872668355,0.917835041902101,64.2911713854694,
Sweden,1984,15109.749874,8.04424238994422,29.6335117637082,0.921075527804701,64.1665399938727,
Sweden,1985,15899.54517,7.37257458126244,29.6635216165295,0.583558020569361,63.9888176636352,
Sweden,1986,16616.471229,4.23591011089793,29.2791186488873,0.614688367119846,58.2310859708523,52.8777313232422
Sweden,1987,17539.706487,4.18857151771367,28.9531697185206,0.634289021054018,58.6768608989121,54.1735992431641
Sweden,1988,18539.201291,5.82489868439442,28.7380085669503,0.623694680363462,58.3467817203103,55.5688705444336
Sweden,1989,19644.741416,6.44327587426601,28.4664089470829,0.476125746947709,59.0380328648836,56.8919715881348
Sweden,1990,20375.572579,10.3665533879494,27.1365635595473,0.549742943038883,55.8232212291502,58.7847518920898
Sweden,1991,20683.070544,9.44462732944187,25.419589206063,0.484201615317693,51.0896520485887,60.0308303833008
Sweden,1992,20786.300876,2.37436725111879,24.4692046347412,0.474686607990977,50.7720887895647,62.7166481018066
Sweden,1993,20718.06961,4.72817304626055,24.1130472922792,0.504977070903728,58.1349272187468,64.5060424804688
Sweden,1994,21836.544499,2.15813800724627,25.1053206075294,-0.556805790780224,63.8416317578483,65.7017288208008
Sweden,1995,23050.467255,2.45514857818396,26.920823821189,3.18328400916103,68.6004574220424,67.0355377197266
Sweden,1996,23875.251836,0.533131978766251,26.2211758740648,2.76114604428261,66.5385083268845,
Sweden,1997,24797.075531,0.658410256243524,26.3133471957032,2.58944965219519,72.0087101401916,
Sweden,1998,25886.713848,-0.267132668354967,26.3954517268528,1.84899008548914,74.3403912388145,
Sweden,1999,27471.476497,0.462175756339131,26.0246659960238,2.55531699355353,74.8983658159395,
Sweden,2000,29631.192149,0.899143734041743,26.3730555102234,2.35429588925279,81.4775319321754,
Sweden,2001,29940.410211,2.40595834145435,26.0144160854341,2.45134161776964,80.5882900359504,
Sweden,2002,30926.361002,2.15848213589263,25.6148550456908,2.56856695977733,77.2186507056824,
Sweden,2003,31782.177947,1.92565534892387,25.1999314975009,2.60043180247016,75.2455936655162,
Sweden,2004,33830.671978,0.373659828721796,25.06916486997,2.63377704849915,78.5911495819721,78.2497787475586
Sweden,2005,34244.359285,0.453170852576176,24.9004720095118,2.54537142389252,83.7514776951197,79.0401763916016
Sweden,2006,37679.716019,1.36021468627688,25.2546074726717,2.49514041851984,88.1954134776664,79.7420883178711
Sweden,2007,40855.465147,2.21216883436735,25.4440140253316,2.40160613057099,89.1620822111883,80.3960723876953
Sweden,2008,42158.465614,3.43704910602875,24.4832959338009,2.42364795341963,92.5641504308151,76.2738800048828
Sweden,2009,40309.177594,-0.494460544378046,22.4029807549278,2.54833116692461,81.5088560374264,76.9570770263672
Sweden,2010,42256.280065,1.15798802715629,23.7527287054638,2.57629531833754,84.2483771880363,77.6163787841797
Sweden,2011,44608.643898,2.96115073822139,23.6323618761744,2.41857021571097,85.7910274001081,78.3214797973633
Sweden,2012,45432.306926,0.8883775069237,23.0032652201953,2.44301092734711,85.2822510623587,79.0048828125
Sweden,2013,46312.293685,-0.044292970148656,22.0683391272751,2.33559205068916,80.8156652769752,73.9167327880859
Sweden,2014,47184.719403,-0.17963849411465,21.7861212754181,2.21332271403275,82.9335316938536,74.4703674316406
Sweden,2015,49103.0618,-0.046784744983265,22.1580717620356,2.08448833109962,83.7238145087279,75.0337524414063
Sweden,2016,50430.174559,0.984269244577978,21.7132563735113,2.10356393873565,82.3206450872032,75.5588836669922
Sweden,2017,51947.942867,1.79449904665596,22.1283718774148,,84.9347494342818,76.1459503173828
Sweden,2018,53553.312077,1.95353530127029,22.0024372937424,,89.1311983954621,
Sweden,2019,55059.211311,1.78415097403832,22.182528974157,,90.484885840975,
Switzerland,1970,7352.590981,3.61598832148746,,,84.2877298869822,21.018030166626
Switzerland,1971,7943.444128,6.57322604634957,,,79.9748291862918,
Switzerland,1972,8474.452977,6.66000132590521,,0.30590439166078,77.9851755072658,
Switzerland,1973,9154.590298,8.75467622446874,,0.272534725898659,78.9454078992108,
Switzerland,1974,10094.01934,9.76741360060382,,0.313559703544191,83.9995477234206,
Switzerland,1975,10315.907729,6.69659540748922,,0.200495578755596,75.3190393514562,
Switzerland,1976,10849.818107,1.71547736607406,,0.199149628678899,80.2520917825647,
Switzerland,1977,11835.972114,1.2959975108187,,0.163453403195935,88.8105430233729,
Switzerland,1978,12687.890852,1.02879152961776,,0.201035017242244,85.0492245502184,
Switzerland,1979,14042.383413,3.64764191334787,,0.179394524087203,89.2644202288174,
Switzerland,1980,15929.183578,4.0224986950801,,0.151437452826857,96.4908983633753,
Switzerland,1981,17594.57318,6.49030774183431,,0.144334534604597,97.5435668187479,
Switzerland,1982,18328.456515,5.65510264316374,,0.141529500404655,89.4584251537198,
Switzerland,1983,19124.479332,2.94983267564061,,0.146794546143511,88.4089036293248,
Switzerland,1984,20337.837798,2.93143599693324,,0.211421132974138,93.1131656119875,
Switzerland,1985,21657.970363,3.43538986904497,,,94.2891297737062,
Switzerland,1986,22369.12822,0.750308869897279,,,88.2949531533907,
Switzerland,1987,23123.559684,1.44032842355245,,,82.1594326630927,
Switzerland,1988,24529.212684,1.872459172484,,,84.5896837785709,
Switzerland,1989,26391.050813,3.15528910025326,,,89.6859546655969,
Switzerland,1990,28079.152261,5.40395398235057,31.0735390508258,1.1590280598887,83.7021447238876,
Switzerland,1991,28412.498675,5.85958593539569,30.5133616128085,1.14130033165965,79.244029167179,
Switzerland,1992,28783.68748,4.03700916382411,29.6678679588304,1.1165260436969,79.8334128339882,
Switzerland,1993,29235.834228,3.29262948327611,29.0648032162065,1.01627525796098,78.4779723088368,
Switzerland,1994,30033.037612,0.852141522219941,30.0579358296311,1.02640917904406,76.9523265886482,
Switzerland,1995,30536.803521,1.79979956254238,29.2220382020582,1.04998378133185,77.0956427703786,
Switzerland,1996,31199.440585,0.811658038234819,28.1585071120538,0.952362116255887,79.6701655368006,
Switzerland,1997,32466.226299,0.520214642356525,27.3653930192945,0.87735279647696,89.372907229213,
Switzerland,1998,33588.300634,0.017948859181225,26.628320173988,0.850510195215964,88.8662927758793,
Switzerland,1999,34476.513265,0.806446857095473,26.2690540591783,0.818206128665171,90.0752247246359,
Switzerland,2000,36441.969934,1.55851846785163,25.4392457800952,0.626429548635878,98.1055969923934,
Switzerland,2001,37608.082988,0.98901715340335,26.2542201317995,0.688433126381723,96.1637040990852,
Switzerland,2002,38519.185231,0.642708441925624,26.5084138760051,0.74472309734488,91.1530343969445,
Switzerland,2003,38511.974614,0.638298911211501,26.1135290294721,0.722026104323533,89.5299012621634,
Switzerland,2004,40011.303647,0.802882618129791,25.8702321959411,0.746531936128777,93.9925533540756,
Switzerland,2005,41467.497321,1.17195114446502,25.9904716365643,0.717829671558803,100.329813529725,
Switzerland,2006,46129.811162,1.05952505549083,26.2462092254625,0.693791289221364,104.517837195761,
Switzerland,2007,50804.677376,0.732336631239735,26.166177232426,0.66064444836364,111.310846704798,
Switzerland,2008,53784.37338,2.42604804028587,26.5027442541188,0.977033244815654,114.779395010445,
Switzerland,2009,53150.627259,-0.480467933987869,25.4975129775728,0.971054005403745,106.930166602863,82.7161178588867
Switzerland,2010,54809.791037,0.688233448733407,25.60054935087,0.926330537763541,117.252176584223,82.4545669555664
Switzerland,2011,57987.486864,0.231336576913037,25.9608123844948,0.988611935458097,122.496172556825,82.3553924560547
Switzerland,2012,59933.617056,-0.692545841930371,25.6600696821128,0.837407007350564,123.682364450627,83.2414627075195
Switzerland,2013,62225.11235,-0.21730851764762,25.5325072758307,0.954201152327403,131.796551489736,
Switzerland,2014,64103.009758,-0.013229160245496,25.1644678433699,0.931437123735517,116.860116363191,84.6438522338867
Switzerland,2015,66020.20952,-1.14390064437645,25.1052147778103,0.923190133531807,112.730195002734,85.1900100708008
Switzerland,2016,68105.138178,-0.434607638542948,25.0016633300293,0.940704759625757,119.972219531386,84.5369110107422
Switzerland,2017,69103.567686,0.533795988132759,25.1938991994452,,119.508030758233,
Switzerland,2018,71705.600337,0.936313303085696,25.0115193308703,,120.032795961791,85.681770324707
Switzerland,2019,73114.493516,0.362916004520384,25.6040886693895,,119.438495616095,
United Kingdom,1970,3615.327765,6.36656841727438,,,42.7679932416301,
United Kingdom,1971,3910.915593,9.44483742337138,,,42.4128360170884,
United Kingdom,1972,4243.475883,7.07109839479793,,0.994798248449761,41.3606753460487,
United Kingdom,1973,4757.335779,9.1960331665781,,1.02934066213706,47.2048553324681,
United Kingdom,1974,5055.437619,16.0440111889862,,1.09998525792953,58.452409194516,
United Kingdom,1975,5443.271915,24.2072876743291,,1.13384702674012,52.4841847099951,
United Kingdom,1976,5911.019173,16.5595225588084,,1.08536114329857,57.1180726149092,
United Kingdom,1977,6435.573045,15.8402667458767,,0.891152132399745,58.6098762730745,
United Kingdom,1978,7179.373697,8.26314103860768,,0.754154701620776,54.6814235883149,
United Kingdom,1979,8057.611187,13.4212799774013,,0.737120886860627,54.3642882297039,
United Kingdom,1980,8593.241431,17.9659242656858,,0.742090605807558,51.0214387672411,
United Kingdom,1981,9327.614892,11.8766265142296,,0.669305238121783,49.1088540795659,
United Kingdom,1982,10113.490919,8.59886383332181,,0.784223272978895,49.3354386155339,
United Kingdom,1983,10948.451642,4.60930327269783,,0.879563840359627,50.5341286869081,
United Kingdom,1984,11581.709222,4.96071097821929,,0.753143140431076,55.1102050463184,
United Kingdom,1985,12411.602555,6.07139434015118,,0.974685968036805,54.6485803315926,
United Kingdom,1986,13030.488521,3.42760940369308,,0.829370891835705,50.2591117469432,
United Kingdom,1987,14043.011795,4.14892232052949,,0.875505795400963,49.6314896976742,
United Kingdom,1988,15341.520958,4.15535171583102,,0.839797447969496,47.1239507417853,
United Kingdom,1989,16307.776278,5.76024909185262,,1.00774564351682,48.4357316349874,
United Kingdom,1990,16994.432559,8.06346090938833,27.8990650881231,1.22061548906644,48.000557763618,
United Kingdom,1991,17314.530887,7.46178295746933,27.1754999490714,1.27799915427661,45.0737538698018,
United Kingdom,1992,17735.061764,4.59154929577464,26.7694699257628,1.19835755835577,46.0606420994689,
United Kingdom,1993,18565.700177,2.55857796929707,26.1770668075859,1.07314329960126,49.4823302257628,
United Kingdom,1994,19641.066966,2.21901260504202,26.7040443051224,0.96471263935931,51.606778887702,
United Kingdom,1995,20502.823096,2.69749518304432,24.8005674212679,1.55088089093608,50.8377226928515,
United Kingdom,1996,21827.619484,2.85178236397748,24.9267838345761,1.27837574194402,52.1333267199048,
United Kingdom,1997,23022.538715,2.20114313510882,24.0521482539366,1.16110198102459,50.6024982016938,
United Kingdom,1998,23662.053382,1.82056163731558,23.3864994469948,1.18931244693258,48.9562152364474,
United Kingdom,1999,24410.78842,1.7529508005142,23.0547240047274,1.16685306440771,49.2357372070727,
United Kingdom,2000,26423.951157,1.18295624210404,23.1485208337326,0.618810186820438,52.1319288715111,
United Kingdom,2001,27733.449638,1.53234960272418,22.0619247919444,1.08128363927725,52.2736268066371,
United Kingdom,2002,28999.263599,1.52040245947458,21.7225586069556,1.061732687945,50.7986302716023,
United Kingdom,2003,30238.338666,1.3765003854201,21.0584075694607,1.11469501556295,49.9157040225086,
United Kingdom,2004,31922.795895,1.39039756680426,20.2626563484753,1.46531245454986,49.9739419207834,
United Kingdom,2005,32586.151002,2.08913649025072,20.2103598577357,2.07559547767845,52.3497537016374,
United Kingdom,2006,34668.80413,2.45566166439288,20.2054615732482,1.56055604258663,56.2559537006339,
United Kingdom,2007,35507.373473,2.38656150773328,19.6785306174068,1.46449170581635,52.4590259133152,
United Kingdom,2008,36634.610738,3.52140856342537,20.0358380332228,1.85762778384722,56.1301087908846,
United Kingdom,2009,35052.174843,1.96173173560107,18.737072416438,2.02996582368537,54.3518422190244,84.6721725463867
United Kingdom,2010,36468.172567,2.49265472467065,18.8664652009736,1.95308525294848,58.5464880734266,86.4258270263672
United Kingdom,2011,37154.162977,3.85611244682819,18.6580904503237,1.74131091756518,62.3048541255971,86.0834426879883
United Kingdom,2012,38296.701025,2.57323479654528,18.6262972888845,1.63211220326095,61.1224180512883,87.7356567382813
United Kingdom,2013,39945.104528,2.29166666666666,18.8170308325697,1.59704036060645,61.1818356789624,74.0022735595703
United Kingdom,2014,41292.491286,1.45112016293279,18.3594849309654,1.74090369094139,58.3983900870264,74.7063903808594
United Kingdom,2015,42571.653412,0.368046842325369,18.1416206200023,1.66858295911724,56.6830960052084,
United Kingdom,2016,44125.534988,1.00841736811403,17.5811421718795,1.59124701387486,58.4982853740881,
United Kingdom,2017,45757.778123,2.55775577557754,17.5626198612036,,61.9451388664298,77.1117324829102
United Kingdom,2018,47163.170633,2.29283990345939,17.5188312851163,,62.6190596109507,
United Kingdom,2019,48542.092734,1.73810460086511,17.4206873962023,,64.2877735623301,
